0,1,2,3,4,5
"tensor([[ 0.0291, -0.3497, -0.6524,  ..., -0.2386, -0.4942, -0.3784],
        [ 0.0842, -0.3038, -0.6797,  ..., -0.2946,  0.0605, -0.1229],
        [ 0.0843, -0.1039, -0.4395,  ..., -0.4533, -0.4258, -0.1860],
        ...,
        [-0.1295, -0.1867, -0.3553,  ...,  0.1888, -0.1335,  0.2516],
        [-0.1888, -0.0950, -0.5453,  ..., -0.4079, -0.1134, -0.0273],
        [-0.4396, -0.0418, -0.6505,  ...,  0.1194, -0.6522,  0.5322]])","tensor([[ 0.0568, -0.0274, -0.0043,  ...,  0.0175,  0.0599, -0.0272],
        [ 0.0231, -0.0785, -0.0602,  ...,  0.0156, -0.0113, -0.0062],
        [ 0.0193, -0.0833, -0.0654,  ...,  0.0141, -0.0165, -0.0070],
        ...,
        [ 0.0191, -0.0881, -0.0651,  ...,  0.0225, -0.0285, -0.0138],
        [ 0.0394, -0.1307, -0.0472,  ...,  0.0511, -0.0045, -0.0192],
        [ 0.0418, -0.1061, -0.0761,  ...,  0.0797, -0.0053, -0.0280]])","tensor([[ 0.0132, -0.0023, -0.0149,  ..., -0.0271,  0.0254,  0.0063],
        [ 0.0158, -0.0143, -0.0233,  ..., -0.0177,  0.0262,  0.0165],
        [ 0.0148, -0.0086, -0.0077,  ..., -0.0257,  0.0290,  0.0111],
        ...,
        [ 0.0161, -0.0104, -0.0123,  ..., -0.0227,  0.0278,  0.0103],
        [ 0.0135, -0.0166, -0.0211,  ..., -0.0119,  0.0221,  0.0169],
        [ 0.0158, -0.0051, -0.0158,  ..., -0.0239,  0.0270,  0.0137]])","tensor([[0., 1.],
        [1., 0.],
        [0., 1.],
        [0., 1.],
        [0., 1.],
        [1., 0.],
        [0., 1.],
        [1., 0.],
        [0., 1.],
        [1., 0.],
        [0., 1.],
        [1., 0.],
        [0., 1.],
        [1., 0.],
        [0., 1.],
        [1., 0.],
        [0., 1.],
        [1., 0.],
        [0., 1.],
        [1., 0.],
        [0., 1.],
        [1., 0.],
        [0., 1.],
        [1., 0.],
        [1., 0.],
        [0., 1.],
        [1., 0.],
        [0., 1.],
        [1., 0.],
        [0., 1.],
        [0., 1.],
        [1., 0.],
        [0., 1.],
        [1., 0.],
        [0., 1.],
        [1., 0.],
        [0., 1.],
        [1., 0.],
        [0., 1.],
        [1., 0.],
        [0., 1.],
        [0., 1.],
        [1., 0.],
        [0., 1.]])","tensor([1., 1., 1., 1., 1., 1., 1., 1., 1., 1., 1., 1., 1., 1., 1., 1., 1., 1.,
        1., 1., 1., 1., 1., 1., 1., 1., 1., 1., 1., 1., 1., 1., 1., 1., 1., 1.,
        1., 1., 1., 1., 1., 1., 1., 1.])","tensor([2, 2, 5, 5, 5, 2, 5, 5, 5, 5, 5, 5, 5, 5, 2, 5, 5, 5, 5, 5, 5, 5, 5, 5,
        5, 5, 5, 5, 5, 5, 5, 5, 3, 5, 3, 5, 5, 5, 3, 5, 5, 5, 5, 5])"
"tensor([[-0.5452,  0.1672,  0.1345,  ..., -0.0998,  0.1915,  0.3546],
        [-0.5810,  0.1927, -0.3540,  ...,  0.3080, -0.3766,  0.6287],
        [-0.2905, -0.0463, -0.4052,  ..., -0.1573, -0.8480,  0.4817],
        ...,
        [-1.2379,  0.3926, -0.0686,  ...,  0.1550, -0.5387,  0.6456],
        [-0.9752, -0.0265, -0.2604,  ...,  0.2421, -0.1355, -0.2438],
        [-0.9086, -0.3142, -0.1861,  ...,  0.1822, -0.2033,  0.1604]])","tensor([[ 0.0306, -0.0231,  0.1695,  ...,  0.0511,  0.1194, -0.0754],
        [ 0.0676, -0.0175,  0.0857,  ...,  0.0566,  0.1266, -0.0621],
        [ 0.0525, -0.0511, -0.0619,  ...,  0.0268,  0.0268, -0.0024],
        ...,
        [-0.0196,  0.0266, -0.0887,  ...,  0.0231,  0.0791,  0.0078],
        [ 0.0419,  0.0070,  0.1447,  ...,  0.0222,  0.1404, -0.0753],
        [ 0.0509, -0.0429,  0.1303,  ...,  0.0807,  0.0738, -0.0523]])","tensor([[ 0.0142, -0.0111, -0.0262,  ..., -0.0140,  0.0221,  0.0108],
        [ 0.0176, -0.0087, -0.0196,  ..., -0.0208,  0.0193,  0.0184],
        [ 0.0207, -0.0140, -0.0118,  ..., -0.0257,  0.0194,  0.0199],
        ...,
        [ 0.0112, -0.0080, -0.0097,  ..., -0.0240,  0.0292,  0.0153],
        [ 0.0142,  0.0058, -0.0288,  ..., -0.0319,  0.0277,  0.0039],
        [ 0.0115, -0.0029, -0.0027,  ..., -0.0427,  0.0243,  0.0006]])","tensor([[1., 0.],
        [0., 1.],
        [0., 1.],
        [0., 1.],
        [0., 1.],
        [1., 0.],
        [1., 0.],
        [1., 0.],
        [0., 1.],
        [1., 0.],
        [0., 1.],
        [0., 1.],
        [1., 0.],
        [0., 1.],
        [0., 1.],
        [0., 1.],
        [1., 0.],
        [0., 1.],
        [1., 0.],
        [1., 0.],
        [0., 1.],
        [0., 1.],
        [0., 1.],
        [0., 1.],
        [1., 0.],
        [1., 0.],
        [0., 1.],
        [1., 0.],
        [0., 1.],
        [0., 1.],
        [0., 1.],
        [1., 0.],
        [0., 1.],
        [0., 1.],
        [1., 0.],
        [0., 1.],
        [1., 0.],
        [1., 0.],
        [1., 0.],
        [0., 1.],
        [1., 0.],
        [0., 1.],
        [1., 0.],
        [0., 1.],
        [0., 1.],
        [0., 1.],
        [0., 1.],
        [1., 0.],
        [0., 1.]])","tensor([1., 1., 1., 1., 1., 1., 1., 1., 1., 1., 1., 1., 1., 1., 1., 1., 1., 1.,
        1., 1., 1., 1., 1., 1., 1., 1., 1., 1., 1., 1., 1., 1., 1., 1., 1., 1.,
        1., 1., 1., 1., 1., 1., 1., 1., 1., 1., 1., 1., 1.])","tensor([2, 1, 1, 1, 1, 3, 3, 5, 1, 5, 1, 1, 3, 1, 1, 5, 3, 5, 3, 5, 5, 5, 5, 1,
        1, 1, 1, 1, 1, 5, 5, 1, 1, 1, 1, 1, 1, 1, 1, 1, 1, 1, 1, 1, 1, 1, 1, 1,
        1])"
"tensor([[-0.7132,  0.5718, -0.1182,  ..., -0.2712,  0.2305, -0.1024],
        [-0.4586,  0.3202,  0.0346,  ...,  0.1007,  0.1399,  0.4683],
        [-0.1058, -0.1729,  0.0023,  ..., -0.0660,  0.2837,  0.2593],
        ...,
        [-0.7350, -0.0780, -0.3052,  ..., -0.0791, -0.2652,  0.6460],
        [-0.6258,  0.2351, -0.0653,  ...,  0.1745,  0.2740,  0.2806],
        [-0.7583, -0.0685,  0.3625,  ..., -0.9300,  0.1550, -0.2322]])","tensor([[ 0.0404, -0.2404, -0.0519,  ...,  0.1439, -0.0288, -0.0636],
        [ 0.0003, -0.1094, -0.0611,  ...,  0.0307,  0.0057, -0.0020],
        [-0.0021, -0.1090, -0.0747,  ...,  0.0505,  0.0041, -0.0173],
        ...,
        [ 0.0215, -0.0925, -0.0651,  ...,  0.0338, -0.0148, -0.0214],
        [-0.0159, -0.1353, -0.0873,  ...,  0.0957,  0.0335, -0.0383],
        [ 0.0068, -0.1207, -0.0957,  ...,  0.0971,  0.0237, -0.0423]])","tensor([[ 0.0098, -0.0029, -0.0073,  ..., -0.0344,  0.0355,  0.0030],
        [ 0.0089,  0.0052, -0.0303,  ..., -0.0362,  0.0159,  0.0080],
        [ 0.0098,  0.0101, -0.0282,  ..., -0.0393,  0.0276,  0.0060],
        ...,
        [ 0.0121, -0.0054, -0.0270,  ..., -0.0168,  0.0241,  0.0047],
        [-0.0039,  0.0072, -0.0056,  ..., -0.0527,  0.0459,  0.0005],
        [ 0.0121, -0.0054, -0.0270,  ..., -0.0168,  0.0241,  0.0047]])","tensor([[0., 1.],
        [1., 0.],
        [1., 0.],
        [0., 1.],
        [0., 1.],
        [1., 0.],
        [0., 1.],
        [0., 1.],
        [1., 0.],
        [0., 1.],
        [1., 0.],
        [1., 0.],
        [0., 1.],
        [1., 0.],
        [0., 1.],
        [1., 0.],
        [1., 0.],
        [0., 1.],
        [1., 0.],
        [0., 1.],
        [1., 0.],
        [1., 0.],
        [1., 0.],
        [0., 1.],
        [1., 0.],
        [0., 1.],
        [0., 1.],
        [0., 1.],
        [1., 0.],
        [0., 1.],
        [1., 0.],
        [0., 1.],
        [1., 0.],
        [0., 1.],
        [1., 0.],
        [0., 1.],
        [0., 1.],
        [1., 0.],
        [1., 0.],
        [0., 1.],
        [1., 0.],
        [0., 1.],
        [1., 0.],
        [0., 1.],
        [1., 0.],
        [1., 0.],
        [1., 0.],
        [0., 1.],
        [0., 1.],
        [1., 0.],
        [0., 1.],
        [1., 0.],
        [1., 0.],
        [0., 1.],
        [1., 0.],
        [0., 1.],
        [1., 0.],
        [0., 1.],
        [1., 0.],
        [0., 1.],
        [1., 0.],
        [0., 1.],
        [0., 1.],
        [0., 1.],
        [1., 0.],
        [1., 0.],
        [0., 1.],
        [0., 1.],
        [0., 1.],
        [1., 0.],
        [1., 0.],
        [0., 1.],
        [1., 0.],
        [1., 0.],
        [0., 1.],
        [1., 0.],
        [1., 0.],
        [0., 1.],
        [1., 0.],
        [0., 1.],
        [1., 0.],
        [0., 1.],
        [1., 0.]])","tensor([1., 1., 1., 1., 1., 1., 1., 1., 1., 1., 1., 1., 1., 1., 1., 1., 1., 1.,
        1., 1., 1., 1., 1., 1., 1., 1., 1., 1., 1., 1., 1., 1., 1., 1., 1., 1.,
        1., 1., 1., 1., 1., 1., 1., 1., 1., 1., 1., 1., 1., 1., 1., 1., 1., 1.,
        1., 1., 1., 1., 1., 1., 1., 1., 1., 1., 1., 1., 1., 1., 1., 1., 1., 1.,
        1., 1., 1., 1., 1., 1., 1., 1., 1., 1., 1.])","tensor([4, 4, 4, 4, 4, 4, 4, 4, 4, 4, 4, 4, 4, 4, 4, 4, 4, 4, 4, 4, 4, 4, 4, 4,
        4, 0, 0, 0, 0, 0, 4, 0, 4, 0, 4, 0, 0, 4, 4, 0, 4, 0, 0, 4, 4, 0, 0, 0,
        0, 4, 0, 4, 4, 4, 4, 4, 0, 0, 4, 0, 4, 0, 0, 0, 0, 0, 0, 0, 0, 0, 0, 0,
        0, 0, 0, 0, 0, 0, 0, 0, 0, 0, 0])"
"tensor([[-0.1656,  0.3017,  0.0465,  ...,  0.0190, -0.9030, -0.1844],
        [-0.8205,  0.1823, -0.1860,  ...,  0.2750, -0.2541,  0.0975],
        [-0.3266, -0.0867, -0.6257,  ...,  0.2338, -0.2629,  0.6289],
        ...,
        [-0.6846, -0.0897, -0.6575,  ...,  0.0635, -0.3841,  0.6660],
        [-0.7389,  0.0720, -0.6135,  ..., -0.3245, -0.1171, -0.0885],
        [-0.8613, -0.0979, -0.4159,  ...,  0.4732, -0.5299,  0.0504]])","tensor([[ 0.0823,  0.0054,  0.2307,  ...,  0.1174,  0.1669, -0.0752],
        [ 0.0716,  0.0169,  0.0275,  ...,  0.0088,  0.1056, -0.0418],
        [ 0.0110, -0.0886,  0.0004,  ...,  0.0093,  0.0205, -0.0362],
        ...,
        [ 0.0209, -0.0789, -0.0696,  ...,  0.0127, -0.0100, -0.0062],
        [ 0.0200, -0.0812, -0.0672,  ...,  0.0135, -0.0134, -0.0065],
        [ 0.0490, -0.0293, -0.1051,  ..., -0.0020,  0.0405, -0.0242]])","tensor([[ 0.0112, -0.0117, -0.0055,  ..., -0.0278,  0.0189,  0.0164],
        [ 0.0128, -0.0117, -0.0266,  ..., -0.0168,  0.0130,  0.0128],
        [ 0.0148, -0.0115, -0.0236,  ..., -0.0169,  0.0133,  0.0127],
        ...,
        [ 0.0121, -0.0054, -0.0270,  ..., -0.0168,  0.0241,  0.0047],
        [ 0.0106, -0.0120, -0.0183,  ..., -0.0152,  0.0277,  0.0190],
        [ 0.0121, -0.0054, -0.0270,  ..., -0.0168,  0.0241,  0.0047]])","tensor([[0., 1.],
        [1., 0.],
        [1., 0.],
        [0., 1.],
        [1., 0.],
        [0., 1.],
        [1., 0.],
        [0., 1.],
        [1., 0.],
        [0., 1.],
        [1., 0.],
        [0., 1.],
        [1., 0.],
        [0., 1.],
        [1., 0.],
        [0., 1.],
        [1., 0.],
        [0., 1.],
        [1., 0.],
        [0., 1.],
        [1., 0.],
        [0., 1.],
        [1., 0.],
        [0., 1.],
        [1., 0.],
        [0., 1.],
        [1., 0.],
        [0., 1.],
        [1., 0.],
        [0., 1.],
        [0., 1.],
        [1., 0.],
        [0., 1.],
        [1., 0.],
        [1., 0.],
        [0., 1.],
        [0., 1.],
        [1., 0.],
        [1., 0.],
        [0., 1.],
        [1., 0.],
        [0., 1.],
        [1., 0.],
        [0., 1.],
        [1., 0.],
        [1., 0.],
        [0., 1.],
        [1., 0.],
        [1., 0.],
        [0., 1.],
        [1., 0.],
        [0., 1.],
        [1., 0.],
        [0., 1.],
        [1., 0.],
        [0., 1.],
        [1., 0.],
        [0., 1.],
        [1., 0.],
        [0., 1.],
        [1., 0.],
        [0., 1.],
        [1., 0.],
        [0., 1.],
        [0., 1.],
        [1., 0.],
        [0., 1.],
        [1., 0.],
        [0., 1.],
        [1., 0.],
        [0., 1.],
        [1., 0.],
        [0., 1.],
        [1., 0.],
        [0., 1.],
        [1., 0.],
        [0., 1.],
        [1., 0.],
        [0., 1.],
        [1., 0.],
        [0., 1.],
        [1., 0.],
        [0., 1.],
        [1., 0.]])","tensor([1., 1., 1., 1., 1., 1., 1., 1., 1., 1., 1., 1., 1., 1., 1., 1., 1., 1.,
        1., 1., 1., 1., 1., 1., 1., 1., 1., 1., 1., 1., 1., 1., 1., 1., 1., 1.,
        1., 1., 1., 1., 1., 1., 1., 1., 1., 1., 1., 1., 1., 1., 1., 1., 1., 1.,
        1., 1., 1., 1., 1., 1., 1., 1., 1., 1., 1., 1., 1., 1., 1., 1., 1., 1.,
        1., 1., 1., 1., 1., 1., 1., 1., 1., 1., 1., 1.])","tensor([1, 2, 2, 5, 5, 5, 2, 5, 2, 5, 2, 5, 5, 5, 2, 3, 2, 5, 2, 5, 2, 5, 2, 5,
        2, 5, 2, 5, 5, 1, 1, 2, 1, 2, 2, 1, 5, 5, 2, 1, 5, 1, 2, 5, 5, 2, 5, 2,
        2, 5, 2, 5, 2, 5, 2, 5, 2, 5, 2, 5, 2, 5, 2, 5, 5, 2, 5, 2, 2, 2, 2, 2,
        2, 2, 2, 2, 1, 2, 2, 2, 2, 2, 2, 2])"
"tensor([[-0.1699, -0.2979, -0.7667,  ..., -0.0759, -0.2976,  0.0177],
        [-0.2539,  0.0594, -0.5998,  ...,  0.1146, -0.4326,  0.4272],
        [-0.3094,  0.0816, -0.2455,  ..., -0.2754,  0.3026, -0.2444],
        ...,
        [-0.2935, -0.1628, -0.5377,  ..., -0.3727, -0.1652,  0.3656],
        [-0.9694,  0.1668,  0.0451,  ..., -0.3637, -0.7081,  0.3395],
        [-0.2473,  0.0475, -0.1728,  ..., -0.5903,  0.5460, -0.3204]])","tensor([[ 0.0470, -0.0451,  0.0769,  ...,  0.0631,  0.0438, -0.0272],
        [ 0.0310, -0.0573, -0.0921,  ...,  0.0079,  0.0162, -0.0123],
        [ 0.0910,  0.0171,  0.0278,  ...,  0.0293,  0.1013, -0.0260],
        ...,
        [ 0.0201, -0.0893, -0.0630,  ...,  0.0232, -0.0350, -0.0129],
        [ 0.0041, -0.0526,  0.1111,  ...,  0.0169,  0.0971, -0.0733],
        [ 0.0275, -0.0652, -0.0835,  ...,  0.0102,  0.0088, -0.0102]])","tensor([[ 0.0168, -0.0063, -0.0069,  ..., -0.0350,  0.0217,  0.0090],
        [ 0.0145, -0.0147, -0.0239,  ..., -0.0201,  0.0173,  0.0190],
        [ 0.0181, -0.0078, -0.0063,  ..., -0.0284,  0.0229,  0.0164],
        ...,
        [ 0.0121, -0.0054, -0.0270,  ..., -0.0168,  0.0241,  0.0047],
        [ 0.0161, -0.0098, -0.0147,  ..., -0.0250,  0.0199,  0.0144],
        [ 0.0121, -0.0054, -0.0270,  ..., -0.0168,  0.0241,  0.0047]])","tensor([[0., 1.],
        [1., 0.],
        [0., 1.],
        [1., 0.],
        [0., 1.],
        [1., 0.],
        [0., 1.],
        [1., 0.],
        [0., 1.],
        [0., 1.],
        [1., 0.],
        [1., 0.],
        [0., 1.],
        [1., 0.],
        [1., 0.],
        [0., 1.],
        [1., 0.],
        [0., 1.],
        [1., 0.],
        [0., 1.],
        [1., 0.],
        [0., 1.],
        [1., 0.],
        [0., 1.],
        [1., 0.],
        [0., 1.],
        [1., 0.],
        [0., 1.],
        [1., 0.],
        [0., 1.],
        [1., 0.],
        [1., 0.],
        [1., 0.],
        [0., 1.],
        [1., 0.],
        [0., 1.],
        [1., 0.],
        [1., 0.],
        [1., 0.],
        [1., 0.],
        [1., 0.],
        [0., 1.],
        [0., 1.],
        [1., 0.],
        [0., 1.],
        [1., 0.],
        [1., 0.],
        [0., 1.],
        [1., 0.],
        [0., 1.],
        [1., 0.],
        [0., 1.],
        [1., 0.],
        [1., 0.],
        [0., 1.],
        [1., 0.],
        [0., 1.],
        [1., 0.],
        [0., 1.],
        [1., 0.],
        [1., 0.],
        [0., 1.],
        [1., 0.],
        [0., 1.],
        [1., 0.],
        [1., 0.],
        [1., 0.],
        [0., 1.],
        [1., 0.],
        [0., 1.],
        [1., 0.],
        [0., 1.],
        [1., 0.],
        [0., 1.],
        [1., 0.],
        [0., 1.],
        [1., 0.],
        [0., 1.],
        [1., 0.],
        [0., 1.],
        [1., 0.],
        [0., 1.],
        [1., 0.],
        [0., 1.],
        [1., 0.],
        [1., 0.],
        [1., 0.],
        [0., 1.],
        [1., 0.],
        [0., 1.],
        [1., 0.]])","tensor([1., 1., 1., 1., 1., 1., 1., 1., 1., 1., 1., 1., 1., 1., 1., 1., 1., 1.,
        1., 1., 1., 1., 1., 1., 1., 1., 1., 1., 1., 1., 1., 1., 1., 1., 1., 1.,
        1., 1., 1., 1., 1., 1., 1., 1., 1., 1., 1., 1., 1., 1., 1., 1., 1., 1.,
        1., 1., 1., 1., 1., 1., 1., 1., 1., 1., 1., 1., 1., 1., 1., 1., 1., 1.,
        1., 1., 1., 1., 1., 1., 1., 1., 1., 1., 1., 1., 1., 1., 1., 1., 1., 1.,
        1.])","tensor([2, 2, 2, 2, 2, 2, 5, 2, 2, 2, 2, 2, 2, 2, 2, 2, 2, 5, 2, 5, 2, 2, 5, 5,
        2, 5, 5, 5, 2, 5, 2, 2, 2, 5, 2, 3, 2, 5, 5, 2, 2, 3, 3, 2, 3, 5, 5, 3,
        5, 3, 5, 3, 2, 2, 5, 2, 5, 2, 5, 2, 5, 5, 2, 3, 2, 5, 2, 3, 2, 3, 2, 5,
        5, 5, 5, 5, 5, 5, 5, 5, 5, 3, 2, 3, 5, 2, 2, 5, 2, 5, 2])"
"tensor([[-0.6994, -0.4833, -0.2530,  ...,  0.2187, -1.3361,  0.5856],
        [-0.5178,  0.1064, -0.0495,  ..., -0.1556,  0.1052,  0.2688],
        [-0.5338, -0.0107, -0.1846,  ...,  0.3000, -0.3812,  0.7579],
        ...,
        [-0.4441,  0.0477, -0.1284,  ...,  0.1283, -0.2044,  0.3228],
        [-0.5938, -0.3654, -0.1794,  ...,  0.1559, -0.3118,  0.2907],
        [-1.4625,  0.1986,  0.0579,  ...,  0.3826, -0.2357,  0.2789]])","tensor([[ 0.0604, -0.0117,  0.0582,  ...,  0.0289,  0.0940, -0.0442],
        [ 0.0673, -0.0278,  0.1686,  ...,  0.1036,  0.1349, -0.0698],
        [ 0.0597, -0.0495,  0.0423,  ...,  0.0746,  0.0457, -0.0210],
        ...,
        [ 0.0705,  0.0186,  0.1851,  ...,  0.0613,  0.1718, -0.0767],
        [ 0.0261, -0.0837, -0.0009,  ...,  0.0510, -0.0089,  0.0012],
        [-0.0288, -0.0548,  0.1568,  ...,  0.1454,  0.0998, -0.0800]])","tensor([[-0.0067, -0.0229, -0.0277,  ..., -0.0277,  0.0058,  0.0008],
        [ 0.0101,  0.0067, -0.0208,  ..., -0.0412,  0.0135, -0.0004],
        [-0.0103, -0.0379, -0.0328,  ..., -0.0157,  0.0191, -0.0035],
        ...,
        [ 0.0111, -0.0077, -0.0167,  ..., -0.0188,  0.0268,  0.0131],
        [ 0.0111,  0.0116, -0.0154,  ..., -0.0272,  0.0204,  0.0068],
        [ 0.0124, -0.0112, -0.0099,  ..., -0.0134,  0.0324,  0.0222]])","tensor([[0., 1.],
        [1., 0.],
        [0., 1.],
        [0., 1.],
        [1., 0.],
        [0., 1.],
        [0., 1.],
        [1., 0.],
        [1., 0.],
        [0., 1.],
        [0., 1.],
        [1., 0.],
        [1., 0.],
        [0., 1.],
        [1., 0.],
        [0., 1.],
        [0., 1.],
        [1., 0.],
        [0., 1.],
        [1., 0.],
        [1., 0.],
        [0., 1.],
        [0., 1.],
        [1., 0.],
        [0., 1.],
        [1., 0.],
        [0., 1.],
        [1., 0.],
        [0., 1.],
        [0., 1.],
        [1., 0.],
        [0., 1.],
        [0., 1.],
        [1., 0.],
        [0., 1.],
        [1., 0.],
        [0., 1.],
        [1., 0.],
        [0., 1.],
        [0., 1.],
        [0., 1.],
        [1., 0.],
        [1., 0.],
        [0., 1.],
        [1., 0.],
        [0., 1.],
        [1., 0.],
        [0., 1.],
        [1., 0.],
        [0., 1.],
        [1., 0.],
        [0., 1.]])","tensor([1., 1., 1., 1., 1., 1., 1., 1., 1., 1., 1., 1., 1., 1., 1., 1., 1., 1.,
        1., 1., 1., 1., 1., 1., 1., 1., 1., 1., 1., 1., 1., 1., 1., 1., 1., 1.,
        1., 1., 1., 1., 1., 1., 1., 1., 1., 1., 1., 1., 1., 1., 1., 1.])","tensor([1, 1, 1, 1, 1, 1, 1, 1, 1, 1, 1, 1, 1, 1, 1, 1, 1, 1, 1, 1, 2, 1, 1, 1,
        1, 2, 1, 2, 1, 1, 1, 1, 1, 2, 1, 2, 1, 2, 1, 1, 1, 1, 2, 1, 2, 1, 2, 1,
        2, 1, 2, 1])"
"tensor([[-0.8034,  0.0092, -0.1281,  ..., -0.0758,  0.1300, -0.4646],
        [-0.6257,  0.3090, -0.4731,  ...,  0.1903, -0.2110,  0.8670],
        [-0.8776,  0.5049, -0.1785,  ...,  0.4426, -0.3179,  0.2152],
        ...,
        [-0.3811,  0.1809, -0.0140,  ..., -0.3507,  0.1437,  0.5163],
        [-0.7621,  0.2065,  0.0055,  ..., -0.3679,  0.7480, -0.0615],
        [-1.1750,  0.5894,  0.5489,  ...,  0.2893,  0.3231,  0.0554]])","tensor([[ 1.8687e-02, -8.8004e-02, -6.5065e-02,  ...,  2.1239e-02,
         -3.0132e-02, -1.2911e-02],
        [-2.7380e-05, -1.3098e-01, -6.9834e-02,  ...,  1.0287e-01,
          8.7834e-02, -4.3749e-02],
        [-1.0246e-01, -1.5117e-01, -4.2497e-02,  ...,  9.5284e-02,
          4.5189e-02, -9.5444e-02],
        ...,
        [-1.2191e-01, -1.7049e-01, -8.0898e-02,  ...,  1.3472e-01,
          2.2499e-02, -1.3332e-01],
        [ 3.4036e-02, -1.1072e-01, -8.1189e-02,  ...,  8.2994e-02,
         -5.9239e-03, -2.3661e-02],
        [-2.3270e-02, -1.0332e-01, -6.4114e-02,  ...,  4.2398e-02,
          7.2293e-04, -4.0647e-02]])","tensor([[ 0.0144, -0.0040, -0.0136,  ..., -0.0285,  0.0330,  0.0113],
        [ 0.0107,  0.0075, -0.0258,  ..., -0.0382,  0.0209,  0.0048],
        [ 0.0090, -0.0029, -0.0119,  ..., -0.0328,  0.0369,  0.0106],
        ...,
        [ 0.0095,  0.0044, -0.0106,  ..., -0.0330,  0.0366,  0.0083],
        [ 0.0072, -0.0123, -0.0230,  ..., -0.0326,  0.0149,  0.0010],
        [ 0.0106, -0.0065, -0.0053,  ..., -0.0347,  0.0359,  0.0082]])","tensor([[0., 1.],
        [1., 0.],
        [0., 1.],
        [1., 0.],
        [0., 1.],
        [1., 0.],
        [0., 1.],
        [1., 0.],
        [0., 1.],
        [1., 0.],
        [0., 1.],
        [1., 0.],
        [0., 1.],
        [1., 0.],
        [0., 1.],
        [1., 0.],
        [0., 1.],
        [1., 0.],
        [1., 0.],
        [1., 0.],
        [1., 0.],
        [0., 1.],
        [1., 0.],
        [1., 0.],
        [0., 1.],
        [1., 0.],
        [0., 1.],
        [1., 0.],
        [0., 1.],
        [1., 0.],
        [0., 1.],
        [0., 1.],
        [1., 0.],
        [1., 0.],
        [0., 1.],
        [1., 0.],
        [1., 0.],
        [0., 1.],
        [1., 0.],
        [0., 1.],
        [0., 1.],
        [1., 0.],
        [0., 1.],
        [1., 0.],
        [0., 1.],
        [0., 1.],
        [1., 0.],
        [0., 1.],
        [1., 0.],
        [0., 1.],
        [1., 0.],
        [0., 1.],
        [0., 1.],
        [0., 1.],
        [1., 0.],
        [0., 1.],
        [1., 0.],
        [0., 1.],
        [1., 0.],
        [0., 1.],
        [1., 0.],
        [0., 1.],
        [1., 0.],
        [0., 1.],
        [1., 0.],
        [0., 1.],
        [1., 0.],
        [0., 1.]])","tensor([1., 1., 1., 1., 1., 1., 1., 1., 1., 1., 1., 1., 1., 1., 1., 1., 1., 1.,
        1., 1., 1., 1., 1., 1., 1., 1., 1., 1., 1., 1., 1., 1., 1., 1., 1., 1.,
        1., 1., 1., 1., 1., 1., 1., 1., 1., 1., 1., 1., 1., 1., 1., 1., 1., 1.,
        1., 1., 1., 1., 1., 1., 1., 1., 1., 1., 1., 1., 1., 1.])","tensor([4, 4, 4, 4, 4, 4, 4, 4, 4, 4, 4, 4, 0, 4, 2, 0, 4, 4, 4, 0, 4, 4, 4, 4,
        4, 4, 4, 4, 4, 4, 4, 4, 4, 4, 4, 4, 4, 4, 4, 4, 4, 4, 4, 4, 4, 4, 4, 4,
        4, 4, 4, 4, 4, 4, 4, 4, 4, 4, 4, 4, 4, 4, 4, 4, 4, 4, 4, 4])"
"tensor([[-0.0082, -0.2265, -0.6957,  ..., -0.5430, -0.5669,  0.2317],
        [-0.3743,  0.0924,  0.0832,  ..., -0.6140,  0.3898, -0.3091],
        [-0.7303, -0.0468, -0.2794,  ..., -0.5565,  0.0620, -0.2538],
        ...,
        [-0.3449,  0.2709, -0.3848,  ...,  0.0298, -0.0595,  0.2267],
        [-0.5009,  0.0268,  0.2025,  ..., -0.7646,  0.0773, -0.2238],
        [-0.4371, -0.0220,  0.1251,  ...,  0.1083,  0.1484,  0.6004]])","tensor([[ 0.0220, -0.0770, -0.0718,  ...,  0.0122, -0.0072, -0.0068],
        [-0.0217, -0.2710, -0.0583,  ...,  0.1835,  0.0789, -0.1158],
        [ 0.0785, -0.2573, -0.0241,  ...,  0.1410,  0.0668, -0.0756],
        ...,
        [ 0.0260, -0.0906, -0.0711,  ...,  0.0441, -0.0094, -0.0134],
        [ 0.0263, -0.0976, -0.0671,  ...,  0.0442, -0.0273, -0.0282],
        [ 0.0038, -0.0969, -0.0832,  ...,  0.0370, -0.0238, -0.0224]])","tensor([[ 0.0192, -0.0126, -0.0136,  ..., -0.0166,  0.0292,  0.0205],
        [ 0.0145, -0.0113, -0.0230,  ..., -0.0275,  0.0161,  0.0121],
        [ 0.0105, -0.0061, -0.0244,  ..., -0.0235,  0.0249,  0.0122],
        ...,
        [ 0.0089, -0.0005, -0.0108,  ..., -0.0298,  0.0336,  0.0098],
        [ 0.0121, -0.0054, -0.0270,  ..., -0.0168,  0.0241,  0.0047],
        [ 0.0137,  0.0003, -0.0130,  ..., -0.0236,  0.0302,  0.0142]])","tensor([[0., 1.],
        [1., 0.],
        [1., 0.],
        [0., 1.],
        [1., 0.],
        [0., 1.],
        [1., 0.],
        [0., 1.],
        [0., 1.],
        [1., 0.],
        [0., 1.],
        [0., 1.],
        [0., 1.],
        [1., 0.],
        [1., 0.],
        [0., 1.],
        [1., 0.],
        [0., 1.],
        [1., 0.],
        [0., 1.],
        [1., 0.],
        [0., 1.],
        [1., 0.],
        [0., 1.],
        [0., 1.],
        [1., 0.],
        [0., 1.],
        [1., 0.],
        [0., 1.],
        [1., 0.],
        [0., 1.],
        [0., 1.],
        [1., 0.],
        [0., 1.],
        [1., 0.],
        [0., 1.],
        [1., 0.],
        [0., 1.],
        [1., 0.],
        [0., 1.],
        [1., 0.],
        [0., 1.],
        [1., 0.],
        [1., 0.],
        [0., 1.],
        [0., 1.],
        [1., 0.],
        [0., 1.],
        [1., 0.],
        [0., 1.],
        [1., 0.],
        [0., 1.],
        [1., 0.],
        [0., 1.],
        [0., 1.],
        [1., 0.],
        [0., 1.],
        [1., 0.],
        [0., 1.]])","tensor([1., 1., 1., 1., 1., 1., 1., 1., 1., 1., 1., 1., 1., 1., 1., 1., 1., 1.,
        1., 1., 1., 1., 1., 1., 1., 1., 1., 1., 1., 1., 1., 1., 1., 1., 1., 1.,
        1., 1., 1., 1., 1., 1., 1., 1., 1., 1., 1., 1., 1., 1., 1., 1., 1., 1.,
        1., 1., 1., 1., 1.])","tensor([2, 5, 5, 2, 5, 2, 3, 2, 2, 3, 2, 5, 2, 5, 3, 2, 5, 2, 5, 2, 5, 2, 5, 2,
        2, 5, 2, 2, 2, 5, 2, 2, 2, 2, 2, 2, 2, 2, 2, 2, 5, 2, 2, 5, 2, 2, 0, 2,
        0, 2, 2, 2, 0, 2, 2, 0, 2, 0, 2])"
"tensor([[-0.7253,  0.2813, -0.4570,  ...,  0.0270,  0.1134,  0.1249],
        [-0.5270,  0.3246, -0.7840,  ...,  0.3817, -0.7277,  0.1469],
        [-1.1421,  0.0899, -0.2738,  ...,  0.2602, -0.7510,  0.0927],
        ...,
        [-0.4539, -0.1193, -0.0298,  ..., -0.2258,  0.1922,  0.0525],
        [-0.8777, -0.0176, -0.0747,  ...,  0.0577,  0.3343,  0.4045],
        [-0.3205, -0.0653, -0.0644,  ...,  0.2499, -0.0845,  0.2129]])","tensor([[ 0.0543, -0.0176,  0.1612,  ...,  0.0863,  0.0984, -0.0493],
        [ 0.0562, -0.0125, -0.0234,  ..., -0.0170,  0.0734, -0.0412],
        [ 0.0473, -0.0328, -0.0871,  ..., -0.0032,  0.0407, -0.0237],
        ...,
        [ 0.0389, -0.0836, -0.0659,  ...,  0.0367, -0.0489, -0.0225],
        [ 0.0680, -0.2209, -0.0523,  ...,  0.1616,  0.0679, -0.0966],
        [ 0.0332, -0.0435,  0.0367,  ...,  0.0181,  0.0528, -0.0394]])","tensor([[ 0.0176, -0.0085, -0.0073,  ..., -0.0275,  0.0232,  0.0118],
        [ 0.0124, -0.0033, -0.0280,  ..., -0.0184,  0.0228,  0.0092],
        [ 0.0101, -0.0056, -0.0283,  ..., -0.0197,  0.0192,  0.0087],
        ...,
        [ 0.0190, -0.0170, -0.0102,  ..., -0.0176,  0.0237,  0.0268],
        [ 0.0103, -0.0056,  0.0039,  ..., -0.0391,  0.0124,  0.0160],
        [ 0.0171, -0.0076, -0.0126,  ..., -0.0212,  0.0232,  0.0147]])","tensor([[0., 1.],
        [1., 0.],
        [1., 0.],
        [1., 0.],
        [1., 0.],
        [0., 1.],
        [1., 0.],
        [0., 1.],
        [1., 0.],
        [0., 1.],
        [0., 1.],
        [1., 0.],
        [0., 1.],
        [1., 0.],
        [1., 0.],
        [1., 0.],
        [1., 0.],
        [1., 0.],
        [1., 0.],
        [1., 0.],
        [0., 1.],
        [1., 0.],
        [1., 0.],
        [1., 0.],
        [1., 0.],
        [0., 1.],
        [1., 0.],
        [1., 0.],
        [1., 0.],
        [0., 1.],
        [0., 1.],
        [1., 0.],
        [0., 1.],
        [1., 0.],
        [0., 1.],
        [0., 1.],
        [0., 1.],
        [1., 0.],
        [0., 1.],
        [1., 0.],
        [1., 0.],
        [0., 1.],
        [0., 1.],
        [1., 0.],
        [1., 0.],
        [0., 1.],
        [1., 0.],
        [0., 1.],
        [0., 1.],
        [1., 0.],
        [0., 1.],
        [0., 1.],
        [0., 1.]])","tensor([1., 1., 1., 1., 1., 1., 1., 1., 1., 1., 1., 1., 1., 1., 1., 1., 1., 1.,
        1., 1., 1., 1., 1., 1., 1., 1., 1., 1., 1., 1., 1., 1., 1., 1., 1., 1.,
        1., 1., 1., 1., 1., 1., 1., 1., 1., 1., 1., 1., 1., 1., 1., 1., 1.])","tensor([1, 1, 1, 1, 1, 1, 1, 1, 1, 1, 1, 1, 1, 1, 1, 1, 5, 5, 5, 3, 5, 5, 5, 1,
        5, 2, 2, 5, 5, 5, 5, 5, 2, 3, 2, 2, 2, 5, 2, 5, 5, 5, 1, 5, 5, 3, 5, 3,
        5, 3, 5, 3, 5])"
"tensor([[-0.1858, -0.3028, -0.5459,  ..., -0.1408,  0.0028,  0.3421],
        [-0.5421, -0.0786, -0.1401,  ..., -0.5253,  0.2403, -0.2375],
        [-0.7008,  0.0895, -0.5903,  ...,  0.3102, -0.4522,  0.1395],
        ...,
        [-0.5660,  0.1218,  0.2722,  ..., -0.5228,  0.4244, -0.4045],
        [-0.6278,  0.1514, -0.1456,  ...,  0.3186, -0.3568,  0.0847],
        [-0.7603, -0.0452,  0.1656,  ..., -0.0072,  0.1286,  0.0959]])","tensor([[ 0.0529, -0.0240, -0.1057,  ..., -0.0049,  0.0474, -0.0274],
        [ 0.0282, -0.0634, -0.0854,  ...,  0.0098,  0.0107, -0.0107],
        [ 0.0336, -0.0511,  0.0199,  ...,  0.0190,  0.0417, -0.0351],
        ...,
        [-0.0159, -0.2132, -0.0510,  ...,  0.1323,  0.0517, -0.0968],
        [-0.0657, -0.3396, -0.1689,  ...,  0.2520,  0.1363, -0.1937],
        [-0.0182, -0.3821, -0.0021,  ...,  0.2515,  0.1072, -0.1556]])","tensor([[ 0.0101, -0.0035, -0.0270,  ..., -0.0178,  0.0224,  0.0096],
        [ 0.0112, -0.0151, -0.0153,  ..., -0.0152,  0.0312,  0.0264],
        [ 0.0130, -0.0106, -0.0259,  ..., -0.0137,  0.0204,  0.0113],
        ...,
        [ 0.0089, -0.0073, -0.0248,  ..., -0.0347,  0.0209,  0.0151],
        [ 0.0187, -0.0121, -0.0122,  ..., -0.0233,  0.0235,  0.0136],
        [ 0.0055, -0.0079, -0.0252,  ..., -0.0273,  0.0124,  0.0189]])","tensor([[1., 0.],
        [0., 1.],
        [1., 0.],
        [1., 0.],
        [1., 0.],
        [1., 0.],
        [0., 1.],
        [1., 0.],
        [0., 1.],
        [0., 1.],
        [1., 0.],
        [0., 1.],
        [1., 0.],
        [0., 1.],
        [1., 0.],
        [0., 1.],
        [1., 0.],
        [0., 1.],
        [1., 0.],
        [0., 1.],
        [1., 0.],
        [1., 0.],
        [0., 1.],
        [1., 0.],
        [0., 1.],
        [1., 0.],
        [0., 1.],
        [1., 0.]])","tensor([1., 1., 1., 1., 1., 1., 1., 1., 1., 1., 1., 1., 1., 1., 1., 1., 1., 1.,
        1., 1., 1., 1., 1., 1., 1., 1., 1., 1.])","tensor([2, 2, 2, 2, 5, 5, 5, 5, 3, 5, 5, 5, 5, 5, 5, 3, 5, 3, 5, 3, 5, 5, 3, 5,
        1, 3, 3, 3])"
"tensor([[-0.9727, -0.0800, -0.3844,  ...,  0.2451, -0.3851, -0.2404],
        [-0.4213, -0.1943, -0.3458,  ..., -0.3510,  0.0030,  0.5028],
        [-0.9910,  0.2978, -0.1941,  ..., -0.0526, -0.1482, -0.0368],
        ...,
        [-0.6852, -0.2060, -0.3896,  ...,  0.0471, -0.0772, -0.0621],
        [-0.8102, -0.1178, -0.1358,  ..., -0.1665,  0.6500, -0.5217],
        [-0.5110,  0.2093, -0.1710,  ...,  0.0020,  0.4803,  0.3391]])","tensor([[ 0.0704,  0.0071,  0.0432,  ...,  0.0214,  0.1043, -0.0410],
        [ 0.0267, -0.0676, -0.0811,  ...,  0.0107,  0.0063, -0.0096],
        [ 0.0075, -0.0315, -0.0942,  ...,  0.0170,  0.0217, -0.0044],
        ...,
        [ 0.0255, -0.0992,  0.0318,  ...,  0.0686,  0.0048,  0.0109],
        [-0.0284, -0.1023, -0.0455,  ...,  0.0374, -0.0189, -0.0297],
        [-0.0135, -0.1005, -0.0619,  ...,  0.0335, -0.0132, -0.0306]])","tensor([[ 0.0179, -0.0064, -0.0090,  ..., -0.0292,  0.0269,  0.0125],
        [ 0.0120, -0.0040, -0.0275,  ..., -0.0200,  0.0154,  0.0067],
        [ 0.0153, -0.0051, -0.0083,  ..., -0.0324,  0.0300,  0.0078],
        ...,
        [ 0.0140, -0.0034, -0.0130,  ..., -0.0421,  0.0287,  0.0118],
        [ 0.0136,  0.0011, -0.0302,  ..., -0.0300,  0.0267,  0.0071],
        [ 0.0105, -0.0007, -0.0144,  ..., -0.0300,  0.0321,  0.0072]])","tensor([[0., 1.],
        [1., 0.],
        [0., 1.],
        [0., 1.],
        [0., 1.],
        [1., 0.],
        [0., 1.],
        [1., 0.],
        [1., 0.],
        [0., 1.],
        [0., 1.],
        [1., 0.],
        [1., 0.],
        [1., 0.],
        [1., 0.],
        [0., 1.],
        [1., 0.],
        [0., 1.],
        [0., 1.],
        [1., 0.],
        [0., 1.],
        [1., 0.],
        [1., 0.],
        [0., 1.],
        [1., 0.],
        [0., 1.],
        [1., 0.],
        [0., 1.],
        [1., 0.],
        [1., 0.],
        [1., 0.],
        [1., 0.],
        [1., 0.],
        [1., 0.],
        [1., 0.],
        [1., 0.],
        [1., 0.],
        [1., 0.],
        [1., 0.],
        [0., 1.],
        [1., 0.],
        [0., 1.],
        [1., 0.],
        [0., 1.]])","tensor([1., 1., 1., 1., 1., 1., 1., 1., 1., 1., 1., 1., 1., 1., 1., 1., 1., 1.,
        1., 1., 1., 1., 1., 1., 1., 1., 1., 1., 1., 1., 1., 1., 1., 1., 1., 1.,
        1., 1., 1., 1., 1., 1., 1., 1.])","tensor([0, 0, 0, 0, 0, 2, 1, 0, 2, 2, 0, 0, 4, 4, 4, 0, 4, 0, 0, 1, 1, 1, 1, 2,
        1, 1, 1, 1, 1, 1, 1, 1, 1, 1, 1, 1, 1, 1, 1, 2, 4, 1, 0, 0])"
"tensor([[-0.7168,  0.0932, -0.2774,  ..., -0.3532,  0.6448, -0.3812],
        [-0.8720,  0.1151, -0.1561,  ..., -0.2363,  0.2724, -0.2561],
        [-0.4396, -0.0418, -0.6505,  ...,  0.1194, -0.6522,  0.5322],
        ...,
        [-1.0567,  0.1667, -0.0550,  ...,  0.0755,  0.4787, -0.2609],
        [-1.0172,  0.1202,  0.0134,  ..., -0.4199,  0.4521, -0.5299],
        [-0.5282,  0.3803, -0.4085,  ...,  0.0085,  0.1566,  0.5917]])","tensor([[ 0.0088, -0.1049, -0.0244,  ...,  0.0400, -0.0163,  0.0053],
        [ 0.0497, -0.1518, -0.0354,  ...,  0.0681,  0.0226, -0.0300],
        [ 0.0783,  0.0265,  0.0365,  ...,  0.0131,  0.1195, -0.0438],
        ...,
        [ 0.0376, -0.1827, -0.0448,  ...,  0.0946, -0.0297, -0.0590],
        [-0.0667, -0.1736,  0.0058,  ...,  0.0740, -0.0387, -0.0491],
        [ 0.0190, -0.0852, -0.0645,  ...,  0.0157, -0.0213, -0.0090]])","tensor([[ 0.0121, -0.0054, -0.0270,  ..., -0.0168,  0.0241,  0.0047],
        [ 0.0121, -0.0054, -0.0270,  ..., -0.0168,  0.0241,  0.0047],
        [ 0.0182, -0.0131, -0.0181,  ..., -0.0149,  0.0249,  0.0219],
        ...,
        [ 0.0121, -0.0054, -0.0270,  ..., -0.0168,  0.0241,  0.0047],
        [ 0.0121, -0.0054, -0.0270,  ..., -0.0168,  0.0241,  0.0047],
        [ 0.0121, -0.0054, -0.0270,  ..., -0.0168,  0.0241,  0.0047]])","tensor([[1., 0.],
        [1., 0.],
        [0., 1.],
        [1., 0.],
        [1., 0.],
        [0., 1.],
        [1., 0.],
        [0., 1.],
        [1., 0.],
        [1., 0.],
        [0., 1.],
        [1., 0.],
        [0., 1.],
        [1., 0.],
        [1., 0.],
        [1., 0.],
        [1., 0.],
        [0., 1.],
        [0., 1.],
        [1., 0.],
        [0., 1.],
        [0., 1.],
        [1., 0.],
        [0., 1.],
        [1., 0.],
        [1., 0.],
        [0., 1.],
        [1., 0.],
        [1., 0.],
        [0., 1.],
        [1., 0.],
        [1., 0.],
        [0., 1.],
        [0., 1.],
        [0., 1.],
        [1., 0.],
        [0., 1.],
        [1., 0.],
        [1., 0.],
        [1., 0.],
        [1., 0.],
        [1., 0.],
        [1., 0.]])","tensor([1., 1., 1., 1., 1., 1., 1., 1., 1., 1., 1., 1., 1., 1., 1., 1., 1., 1.,
        1., 1., 1., 1., 1., 1., 1., 1., 1., 1., 1., 1., 1., 1., 1., 1., 1., 1.,
        1., 1., 1., 1., 1., 1., 1.])","tensor([4, 4, 2, 4, 4, 2, 5, 5, 5, 5, 5, 5, 2, 4, 4, 4, 4, 2, 5, 4, 5, 2, 5, 2,
        4, 4, 5, 4, 4, 5, 4, 4, 2, 2, 5, 5, 5, 4, 4, 4, 4, 4, 4])"
"tensor([[-0.3155,  0.3730, -0.3765,  ...,  0.0603,  0.1366,  0.5214],
        [-0.3230,  0.0018, -0.8607,  ..., -0.2489, -0.9943,  0.6588],
        [-0.1556, -0.0989, -0.6244,  ..., -0.2106,  0.4098, -0.3878],
        ...,
        [-0.7136,  0.1255, -0.1400,  ..., -0.0110,  0.2740, -0.4326],
        [-0.7390, -0.2269, -0.1721,  ...,  0.1154,  0.1672, -0.0239],
        [-0.6062,  0.4670, -0.4042,  ...,  0.2904, -0.0222,  0.2484]])","tensor([[ 0.0531, -0.0268, -0.0930,  ...,  0.0056,  0.0433, -0.0141],
        [ 0.0187, -0.0880, -0.0651,  ...,  0.0212, -0.0301, -0.0129],
        [ 0.0267, -0.0966, -0.0690,  ...,  0.0392, -0.0392, -0.0172],
        ...,
        [ 0.0542, -0.0386,  0.0517,  ...,  0.0448,  0.0828, -0.0486],
        [ 0.0453, -0.0405,  0.1473,  ...,  0.0711,  0.1104, -0.0703],
        [ 0.0506, -0.0543,  0.0059,  ...,  0.0463,  0.0479, -0.0309]])","tensor([[ 0.0121, -0.0054, -0.0270,  ..., -0.0168,  0.0241,  0.0047],
        [ 0.0121, -0.0054, -0.0270,  ..., -0.0168,  0.0241,  0.0047],
        [ 0.0121, -0.0054, -0.0270,  ..., -0.0168,  0.0241,  0.0047],
        ...,
        [ 0.0194, -0.0081, -0.0017,  ..., -0.0348,  0.0241,  0.0132],
        [ 0.0121, -0.0054, -0.0270,  ..., -0.0168,  0.0241,  0.0047],
        [ 0.0121, -0.0054, -0.0270,  ..., -0.0168,  0.0241,  0.0047]])","tensor([[1., 0.],
        [1., 0.],
        [1., 0.],
        [1., 0.],
        [0., 1.],
        [1., 0.],
        [0., 1.],
        [1., 0.],
        [0., 1.],
        [1., 0.],
        [0., 1.],
        [1., 0.],
        [0., 1.],
        [1., 0.],
        [0., 1.],
        [1., 0.],
        [0., 1.],
        [1., 0.],
        [0., 1.],
        [1., 0.],
        [0., 1.],
        [1., 0.],
        [0., 1.],
        [0., 1.],
        [0., 1.],
        [1., 0.],
        [0., 1.],
        [0., 1.],
        [1., 0.],
        [0., 1.],
        [1., 0.],
        [0., 1.],
        [1., 0.],
        [0., 1.],
        [1., 0.],
        [1., 0.],
        [0., 1.],
        [1., 0.],
        [0., 1.],
        [1., 0.],
        [1., 0.],
        [0., 1.],
        [0., 1.],
        [0., 1.],
        [1., 0.],
        [0., 1.],
        [1., 0.],
        [0., 1.],
        [1., 0.],
        [0., 1.],
        [0., 1.],
        [1., 0.],
        [0., 1.],
        [1., 0.],
        [0., 1.],
        [1., 0.],
        [0., 1.],
        [1., 0.],
        [1., 0.]])","tensor([1., 1., 1., 1., 1., 1., 1., 1., 1., 1., 1., 1., 1., 1., 1., 1., 1., 1.,
        1., 1., 1., 1., 1., 1., 1., 1., 1., 1., 1., 1., 1., 1., 1., 1., 1., 1.,
        1., 1., 1., 1., 1., 1., 1., 1., 1., 1., 1., 1., 1., 1., 1., 1., 1., 1.,
        1., 1., 1., 1., 1.])","tensor([4, 5, 2, 2, 5, 2, 3, 5, 5, 5, 5, 5, 5, 5, 5, 2, 5, 5, 5, 5, 5, 5, 1, 1,
        0, 2, 1, 1, 4, 1, 4, 1, 4, 5, 5, 5, 5, 5, 5, 3, 5, 1, 1, 1, 1, 1, 1, 1,
        1, 1, 1, 0, 0, 0, 0, 0, 0, 0, 0])"
"tensor([[-1.1079,  0.0247,  0.2100,  ...,  0.0085, -0.2840,  0.0667],
        [-0.9093,  0.3467, -0.2340,  ...,  0.7095, -0.3196,  0.6038],
        [-0.0924, -0.0407, -0.6082,  ..., -0.3788, -0.1655, -0.4616],
        ...,
        [-0.7454,  0.3716, -0.2863,  ...,  0.4205,  0.0585,  0.0956],
        [-0.8078,  0.1880, -0.7303,  ...,  0.1587,  0.1290, -0.2226],
        [-0.5537,  0.1208, -0.6556,  ...,  0.3432, -0.3236,  0.1418]])","tensor([[ 3.7049e-02, -1.1498e-01, -5.1459e-02,  ...,  6.5165e-02,
          3.7797e-02, -1.8942e-05],
        [-1.9408e-02, -3.1115e-02, -1.2047e-01,  ...,  1.5861e-03,
          7.1147e-03, -8.5845e-03],
        [-6.2166e-03, -2.5485e-02, -6.6860e-02,  ...,  2.8130e-02,
          1.9933e-02,  1.4666e-02],
        ...,
        [ 2.6004e-02, -9.5743e-02, -6.3512e-02,  ...,  3.5764e-02,
          1.4169e-03, -5.1275e-03],
        [ 3.0328e-02, -7.9733e-02, -4.3883e-02,  ...,  2.8524e-02,
         -2.3618e-02, -5.7986e-03],
        [ 2.6550e-02, -6.7936e-02, -8.0828e-02,  ...,  1.0747e-02,
          5.8810e-03, -9.5609e-03]])","tensor([[ 0.0111, -0.0094, -0.0243,  ..., -0.0176,  0.0237,  0.0135],
        [ 0.0114, -0.0014, -0.0197,  ..., -0.0195,  0.0237,  0.0117],
        [ 0.0116,  0.0010, -0.0226,  ..., -0.0228,  0.0155,  0.0068],
        ...,
        [ 0.0097,  0.0033, -0.0246,  ..., -0.0277,  0.0237,  0.0104],
        [ 0.0171, -0.0098, -0.0235,  ..., -0.0162,  0.0228,  0.0106],
        [ 0.0167, -0.0078, -0.0156,  ..., -0.0216,  0.0229,  0.0155]])","tensor([[1., 0.],
        [1., 0.],
        [1., 0.],
        [0., 1.],
        [0., 1.],
        [1., 0.],
        [0., 1.],
        [0., 1.],
        [0., 1.],
        [1., 0.],
        [0., 1.],
        [1., 0.],
        [1., 0.],
        [0., 1.],
        [1., 0.],
        [1., 0.],
        [1., 0.],
        [0., 1.],
        [1., 0.],
        [1., 0.],
        [1., 0.],
        [1., 0.],
        [1., 0.],
        [1., 0.],
        [1., 0.],
        [0., 1.],
        [1., 0.],
        [1., 0.],
        [1., 0.],
        [1., 0.],
        [1., 0.],
        [0., 1.],
        [1., 0.],
        [0., 1.],
        [1., 0.],
        [1., 0.],
        [0., 1.]])","tensor([1., 1., 1., 1., 1., 1., 1., 1., 1., 1., 1., 1., 1., 1., 1., 1., 1., 1.,
        1., 1., 1., 1., 1., 1., 1., 1., 1., 1., 1., 1., 1., 1., 1., 1., 1., 1.,
        1.])","tensor([4, 4, 4, 4, 4, 4, 4, 2, 2, 4, 2, 4, 4, 2, 4, 4, 4, 2, 4, 4, 4, 4, 4, 4,
        4, 4, 4, 4, 4, 4, 2, 4, 4, 0, 4, 4, 2])"
"tensor([[-0.3976, -0.0714, -0.8516,  ...,  0.2806, -0.2337, -0.4001],
        [-0.6906, -0.5082, -0.5853,  ..., -0.2173, -0.0126,  0.0828],
        [-0.8129,  0.2868, -0.5489,  ..., -0.0770,  0.4623, -0.1537],
        ...,
        [-0.4825, -0.0421, -0.0357,  ..., -0.2156,  0.6956, -0.5035],
        [-0.5253, -0.1082, -0.2258,  ..., -0.5876,  0.6445, -0.2505],
        [-0.5916,  0.0134, -0.2605,  ...,  0.1901,  0.3991,  0.0415]])","tensor([[ 0.0540, -0.0424, -0.0922,  ...,  0.0188,  0.0292, -0.0298],
        [-0.0620, -0.1679, -0.0971,  ...,  0.1028,  0.0107, -0.1265],
        [ 0.0580, -0.1714, -0.0645,  ...,  0.1210,  0.0194, -0.0518],
        ...,
        [-0.2159, -0.5279, -0.1455,  ...,  0.4891,  0.2955, -0.3376],
        [-0.0624, -0.4098, -0.1512,  ...,  0.3126,  0.2266, -0.2111],
        [-0.1210, -0.4731, -0.1698,  ...,  0.4019,  0.2138, -0.2655]])","tensor([[ 0.0154, -0.0077, -0.0126,  ..., -0.0317,  0.0306,  0.0129],
        [ 0.0199, -0.0110, -0.0166,  ..., -0.0206,  0.0245,  0.0153],
        [ 0.0102, -0.0043, -0.0163,  ..., -0.0199,  0.0309,  0.0171],
        ...,
        [ 0.0245, -0.0139, -0.0125,  ..., -0.0309,  0.0215,  0.0246],
        [ 0.0111, -0.0098, -0.0269,  ..., -0.0263,  0.0223,  0.0112],
        [ 0.0173, -0.0095, -0.0067,  ..., -0.0272,  0.0290,  0.0206]])","tensor([[0., 1.],
        [0., 1.],
        [0., 1.],
        [1., 0.],
        [0., 1.],
        [1., 0.],
        [0., 1.],
        [1., 0.],
        [0., 1.],
        [1., 0.],
        [0., 1.],
        [1., 0.],
        [1., 0.],
        [0., 1.],
        [0., 1.],
        [0., 1.],
        [1., 0.],
        [1., 0.],
        [0., 1.],
        [1., 0.],
        [1., 0.],
        [1., 0.],
        [0., 1.],
        [0., 1.],
        [0., 1.],
        [1., 0.],
        [0., 1.],
        [1., 0.],
        [1., 0.],
        [0., 1.],
        [1., 0.],
        [0., 1.],
        [1., 0.],
        [0., 1.],
        [0., 1.],
        [1., 0.],
        [0., 1.],
        [0., 1.],
        [1., 0.],
        [0., 1.],
        [0., 1.],
        [0., 1.],
        [0., 1.],
        [0., 1.],
        [1., 0.],
        [0., 1.],
        [1., 0.],
        [0., 1.],
        [1., 0.],
        [0., 1.],
        [1., 0.],
        [0., 1.],
        [0., 1.],
        [1., 0.],
        [0., 1.],
        [1., 0.],
        [0., 1.],
        [1., 0.],
        [0., 1.]])","tensor([1., 1., 1., 1., 1., 1., 1., 1., 1., 1., 1., 1., 1., 1., 1., 1., 1., 1.,
        1., 1., 1., 1., 1., 1., 1., 1., 1., 1., 1., 1., 1., 1., 1., 1., 1., 1.,
        1., 1., 1., 1., 1., 1., 1., 1., 1., 1., 1., 1., 1., 1., 1., 1., 1., 1.,
        1., 1., 1., 1., 1.])","tensor([2, 2, 2, 3, 2, 3, 2, 5, 2, 3, 5, 2, 2, 2, 2, 2, 3, 3, 2, 3, 5, 3, 3, 3,
        3, 3, 3, 5, 3, 2, 3, 3, 3, 3, 5, 5, 3, 5, 5, 3, 3, 3, 3, 3, 3, 3, 3, 3,
        3, 3, 3, 3, 3, 3, 3, 3, 3, 3, 3])"
"tensor([[-0.2908, -0.1391, -0.5474,  ...,  0.0137, -0.5503,  0.7876],
        [ 0.0875, -0.1801, -0.6819,  ..., -0.4243, -0.1663, -0.2396],
        [ 0.1140, -0.0886, -0.7355,  ..., -0.4998, -0.2101, -0.4558],
        ...,
        [-0.4190, -0.2369, -0.4897,  ..., -0.0862, -0.0531,  0.1091],
        [-0.1414, -0.2061, -0.5552,  ..., -0.4844,  0.0575,  0.0688],
        [-0.6625,  0.0011, -0.0171,  ..., -0.4885,  0.1559, -0.4377]])","tensor([[ 0.0831,  0.0252, -0.0568,  ..., -0.0088,  0.0949, -0.0337],
        [ 0.0581, -0.0369,  0.0875,  ...,  0.0826,  0.0529, -0.0183],
        [ 0.0267, -0.0944, -0.0610,  ...,  0.0322, -0.0136, -0.0064],
        ...,
        [ 0.0222, -0.2959, -0.0585,  ...,  0.2002,  0.0788, -0.1255],
        [ 0.0300, -0.1735, -0.0974,  ...,  0.1649,  0.0534, -0.0750],
        [ 0.0133, -0.1055, -0.0331,  ...,  0.0391, -0.0346, -0.0096]])","tensor([[ 0.0121, -0.0054, -0.0270,  ..., -0.0168,  0.0241,  0.0047],
        [ 0.0119, -0.0023, -0.0224,  ..., -0.0286,  0.0237,  0.0057],
        [ 0.0153, -0.0122, -0.0184,  ..., -0.0232,  0.0227,  0.0180],
        ...,
        [ 0.0098, -0.0063, -0.0132,  ..., -0.0195,  0.0351,  0.0133],
        [ 0.0243, -0.0093, -0.0221,  ..., -0.0264,  0.0139,  0.0091],
        [ 0.0096, -0.0177, -0.0050,  ..., -0.0335,  0.0236,  0.0205]])","tensor([[0., 1.],
        [0., 1.],
        [0., 1.],
        [0., 1.],
        [0., 1.],
        [1., 0.],
        [0., 1.],
        [1., 0.],
        [0., 1.],
        [1., 0.],
        [0., 1.],
        [1., 0.],
        [0., 1.],
        [0., 1.],
        [0., 1.],
        [1., 0.],
        [0., 1.],
        [0., 1.],
        [1., 0.],
        [0., 1.],
        [1., 0.],
        [0., 1.],
        [0., 1.],
        [1., 0.],
        [0., 1.],
        [1., 0.],
        [0., 1.],
        [0., 1.],
        [1., 0.],
        [0., 1.],
        [1., 0.],
        [0., 1.],
        [1., 0.],
        [0., 1.],
        [1., 0.],
        [1., 0.],
        [0., 1.],
        [1., 0.],
        [0., 1.],
        [1., 0.]])","tensor([1., 1., 1., 1., 1., 1., 1., 1., 1., 1., 1., 1., 1., 1., 1., 1., 1., 1.,
        1., 1., 1., 1., 1., 1., 1., 1., 1., 1., 1., 1., 1., 1., 1., 1., 1., 1.,
        1., 1., 1., 1.])","tensor([2, 2, 2, 2, 2, 5, 5, 3, 2, 5, 5, 5, 5, 2, 5, 5, 5, 2, 5, 5, 5, 5, 5, 5,
        5, 3, 5, 5, 5, 5, 5, 5, 5, 3, 5, 5, 5, 5, 3, 5])"
"tensor([[-0.8107,  0.1422, -0.5454,  ..., -0.0595, -0.7212, -0.4008],
        [-0.5383, -0.0190, -0.1475,  ..., -0.0077, -0.4948,  0.4509],
        [-0.7336,  0.2192, -0.1217,  ..., -0.0058, -0.4158, -0.0207],
        ...,
        [-0.3416, -0.1671, -0.4124,  ..., -0.2902,  0.4481,  0.0111],
        [-0.3343,  0.0118, -0.0817,  ...,  0.6508, -0.5973,  0.3315],
        [-0.4538,  0.0298, -0.4826,  ...,  0.2323, -0.1374,  0.2886]])","tensor([[ 0.0228, -0.0267,  0.2367,  ...,  0.0739,  0.1436, -0.0945],
        [ 0.0189, -0.0865, -0.0648,  ...,  0.0182, -0.0258, -0.0107],
        [ 0.0568, -0.1697, -0.0623,  ...,  0.1042,  0.0083, -0.0403],
        ...,
        [ 0.0584, -0.2264, -0.0329,  ...,  0.1335,  0.0581, -0.0860],
        [ 0.0331, -0.0529, -0.0968,  ...,  0.0066,  0.0199, -0.0133],
        [-0.0232, -0.0334,  0.0007,  ...,  0.0510,  0.0502, -0.0466]])","tensor([[ 0.0126, -0.0063, -0.0089,  ..., -0.0315,  0.0255,  0.0143],
        [ 0.0133, -0.0043,  0.0005,  ..., -0.0299,  0.0194,  0.0117],
        [ 0.0054, -0.0112, -0.0206,  ..., -0.0350,  0.0158,  0.0038],
        ...,
        [ 0.0071, -0.0104, -0.0023,  ..., -0.0379,  0.0289,  0.0161],
        [ 0.0102, -0.0049, -0.0263,  ..., -0.0267,  0.0238,  0.0045],
        [ 0.0169, -0.0042, -0.0321,  ..., -0.0256,  0.0206,  0.0031]])","tensor([[1., 0.],
        [1., 0.],
        [1., 0.],
        [0., 1.],
        [1., 0.],
        [1., 0.],
        [1., 0.],
        [1., 0.],
        [0., 1.],
        [1., 0.],
        [0., 1.],
        [0., 1.],
        [1., 0.],
        [0., 1.],
        [1., 0.],
        [1., 0.],
        [1., 0.],
        [1., 0.],
        [1., 0.],
        [1., 0.],
        [1., 0.],
        [0., 1.],
        [1., 0.],
        [0., 1.],
        [1., 0.],
        [1., 0.],
        [1., 0.],
        [0., 1.],
        [0., 1.]])","tensor([1., 1., 1., 1., 1., 1., 1., 1., 1., 1., 1., 1., 1., 1., 1., 1., 1., 1.,
        1., 1., 1., 1., 1., 1., 1., 1., 1., 1., 1.])","tensor([1, 1, 1, 5, 5, 1, 1, 1, 5, 1, 5, 2, 5, 1, 1, 1, 1, 1, 1, 1, 1, 1, 1, 1,
        1, 1, 4, 1, 1])"
"tensor([[-0.6125,  0.0924, -0.0123,  ...,  0.1234,  0.2920,  0.1589],
        [-0.4337,  0.3658, -0.1286,  ...,  0.0378,  0.0810,  0.3740],
        [-0.6328, -0.2240, -0.7813,  ...,  0.3760, -0.3922, -0.2116],
        ...,
        [-1.0036,  0.1032,  0.0733,  ...,  0.0825,  0.1042, -0.2335],
        [-0.6552, -0.2023,  0.2609,  ..., -0.7503,  0.6451, -0.2352],
        [-0.7595,  0.0802, -0.0534,  ..., -0.6401, -0.4741,  0.0208]])","tensor([[ 0.0419, -0.0359, -0.1158,  ...,  0.0013,  0.0344, -0.0186],
        [ 0.0466, -0.0345, -0.0493,  ..., -0.0043,  0.0485, -0.0296],
        [ 0.0306, -0.1088, -0.0747,  ...,  0.0452, -0.0437, -0.0191],
        ...,
        [ 0.0321, -0.0964, -0.0701,  ...,  0.0617, -0.0345, -0.0157],
        [ 0.0175, -0.0975, -0.0656,  ...,  0.0351,  0.0004, -0.0062],
        [ 0.0013, -0.0905, -0.0657,  ...,  0.0240, -0.0261, -0.0184]])","tensor([[ 0.0143, -0.0131, -0.0159,  ..., -0.0285,  0.0349,  0.0132],
        [ 0.0138,  0.0003, -0.0297,  ..., -0.0362,  0.0270,  0.0042],
        [ 0.0056,  0.0028, -0.0176,  ..., -0.0361,  0.0375,  0.0034],
        ...,
        [ 0.0030,  0.0087, -0.0112,  ..., -0.0461,  0.0413, -0.0007],
        [ 0.0097,  0.0031, -0.0258,  ..., -0.0407,  0.0279,  0.0050],
        [ 0.0034,  0.0034, -0.0073,  ..., -0.0457,  0.0387, -0.0035]])","tensor([[1., 0.],
        [0., 1.],
        [1., 0.],
        [1., 0.],
        [0., 1.],
        [1., 0.],
        [0., 1.],
        [1., 0.],
        [0., 1.],
        [0., 1.],
        [1., 0.],
        [1., 0.],
        [0., 1.],
        [1., 0.],
        [1., 0.],
        [1., 0.],
        [1., 0.],
        [0., 1.],
        [1., 0.],
        [0., 1.],
        [0., 1.],
        [0., 1.],
        [1., 0.],
        [0., 1.],
        [1., 0.],
        [0., 1.],
        [1., 0.],
        [0., 1.],
        [1., 0.],
        [0., 1.],
        [0., 1.],
        [1., 0.],
        [0., 1.],
        [1., 0.],
        [0., 1.],
        [1., 0.],
        [0., 1.],
        [1., 0.],
        [0., 1.],
        [0., 1.],
        [1., 0.],
        [0., 1.],
        [1., 0.],
        [0., 1.],
        [1., 0.],
        [1., 0.],
        [0., 1.],
        [1., 0.],
        [1., 0.],
        [0., 1.],
        [1., 0.],
        [0., 1.],
        [1., 0.],
        [1., 0.],
        [0., 1.],
        [1., 0.],
        [0., 1.],
        [1., 0.]])","tensor([1., 1., 1., 1., 1., 1., 1., 1., 1., 1., 1., 1., 1., 1., 1., 1., 1., 1.,
        1., 1., 1., 1., 1., 1., 1., 1., 1., 1., 1., 1., 1., 1., 1., 1., 1., 1.,
        1., 1., 1., 1., 1., 1., 1., 1., 1., 1., 1., 1., 1., 1., 1., 1., 1., 1.,
        1., 1., 1., 1.])","tensor([4, 2, 4, 4, 4, 4, 4, 0, 4, 0, 0, 0, 2, 0, 0, 0, 0, 4, 0, 0, 0, 0, 0, 0,
        0, 0, 0, 0, 0, 4, 4, 0, 0, 2, 0, 4, 4, 4, 4, 0, 0, 0, 0, 0, 0, 0, 4, 0,
        0, 2, 4, 2, 0, 0, 2, 0, 0, 0])"
"tensor([[-0.3752,  0.0436, -0.0464,  ...,  0.0302, -0.5704,  0.1303],
        [-0.8153,  0.1874, -0.3159,  ..., -0.2685, -0.2786, -0.0717],
        [-0.5471,  0.1028, -0.3667,  ...,  0.0599,  0.2858,  0.6597],
        ...,
        [-0.3953,  0.3851, -0.7009,  ...,  0.0646, -0.4381,  0.4926],
        [-0.4888,  0.0701, -0.1749,  ..., -0.4612, -0.2205,  0.3278],
        [-0.7993,  0.3842, -0.4446,  ...,  0.3990, -0.7066,  0.1830]])","tensor([[-0.0126, -0.1007,  0.1008,  ...,  0.0526,  0.0343, -0.0751],
        [ 0.0208, -0.0898, -0.0588,  ...,  0.0263, -0.0393, -0.0120],
        [ 0.0017, -0.0903, -0.0659,  ...,  0.0238, -0.0263, -0.0180],
        ...,
        [ 0.0168, -0.0916, -0.0301,  ...,  0.0149, -0.0019, -0.0230],
        [ 0.0378, -0.0583, -0.0771,  ...,  0.0146, -0.0041, -0.0209],
        [ 0.0320, -0.0578, -0.0541,  ...,  0.0031,  0.0217, -0.0178]])","tensor([[ 0.0147, -0.0156, -0.0124,  ..., -0.0282,  0.0248,  0.0190],
        [ 0.0113, -0.0060, -0.0149,  ..., -0.0214,  0.0210,  0.0194],
        [ 0.0163, -0.0021, -0.0279,  ..., -0.0205,  0.0232,  0.0066],
        ...,
        [ 0.0120, -0.0065, -0.0135,  ..., -0.0166,  0.0305,  0.0180],
        [ 0.0106, -0.0043, -0.0089,  ..., -0.0314,  0.0284,  0.0099],
        [ 0.0152, -0.0168, -0.0182,  ..., -0.0412,  0.0275,  0.0124]])","tensor([[1., 0.],
        [1., 0.],
        [0., 1.],
        [1., 0.],
        [0., 1.],
        [1., 0.],
        [0., 1.],
        [1., 0.],
        [1., 0.],
        [0., 1.],
        [1., 0.],
        [1., 0.],
        [0., 1.],
        [1., 0.],
        [0., 1.],
        [1., 0.],
        [1., 0.],
        [1., 0.],
        [0., 1.],
        [1., 0.],
        [1., 0.],
        [0., 1.],
        [1., 0.],
        [1., 0.],
        [0., 1.],
        [0., 1.],
        [1., 0.],
        [0., 1.],
        [1., 0.],
        [0., 1.],
        [0., 1.],
        [0., 1.],
        [1., 0.],
        [0., 1.],
        [1., 0.],
        [0., 1.],
        [0., 1.],
        [1., 0.],
        [0., 1.],
        [1., 0.],
        [0., 1.],
        [0., 1.],
        [1., 0.],
        [0., 1.],
        [0., 1.],
        [1., 0.],
        [0., 1.],
        [0., 1.],
        [1., 0.],
        [1., 0.],
        [0., 1.],
        [1., 0.],
        [0., 1.],
        [1., 0.],
        [0., 1.],
        [1., 0.],
        [0., 1.],
        [1., 0.],
        [0., 1.],
        [1., 0.],
        [0., 1.],
        [1., 0.],
        [0., 1.],
        [1., 0.],
        [0., 1.],
        [1., 0.],
        [0., 1.],
        [0., 1.],
        [1., 0.],
        [0., 1.],
        [1., 0.],
        [0., 1.],
        [1., 0.],
        [1., 0.],
        [1., 0.]])","tensor([1., 1., 1., 1., 1., 1., 1., 1., 1., 1., 1., 1., 1., 1., 1., 1., 1., 1.,
        1., 1., 1., 1., 1., 1., 1., 1., 1., 1., 1., 1., 1., 1., 1., 1., 1., 1.,
        1., 1., 1., 1., 1., 1., 1., 1., 1., 1., 1., 1., 1., 1., 1., 1., 1., 1.,
        1., 1., 1., 1., 1., 1., 1., 1., 1., 1., 1., 1., 1., 1., 1., 1., 1., 1.,
        1., 1., 1.])","tensor([5, 5, 2, 5, 2, 5, 2, 5, 5, 2, 5, 5, 2, 2, 2, 2, 2, 5, 2, 5, 5, 2, 5, 5,
        2, 2, 5, 2, 5, 2, 2, 2, 3, 2, 3, 2, 2, 5, 2, 5, 2, 2, 5, 2, 2, 5, 2, 2,
        5, 5, 2, 5, 2, 5, 2, 5, 2, 5, 2, 5, 2, 5, 2, 5, 5, 5, 2, 2, 5, 2, 5, 2,
        5, 3, 1])"
"tensor([[-0.0514, -0.2848, -0.7639,  ..., -0.1450, -0.1086, -0.1143],
        [-0.4873,  0.3740, -0.4119,  ..., -0.1438,  0.0178,  0.2904],
        [-0.0849,  0.1373, -0.3045,  ...,  0.1079,  0.0293,  0.5143],
        ...,
        [-0.5842, -0.0774, -0.0297,  ..., -1.0664,  0.2349, -0.0819],
        [-0.6257,  0.2896, -0.0713,  ..., -0.0436,  0.5640, -0.1716],
        [-0.7549,  0.4690, -0.1056,  ..., -0.3775, -0.3515,  0.5771]])","tensor([[ 0.0300, -0.1552, -0.0461,  ...,  0.0654, -0.0400, -0.0346],
        [ 0.0472, -0.1069, -0.0610,  ...,  0.0721,  0.0404, -0.0205],
        [ 0.0181, -0.1094, -0.0695,  ...,  0.0452, -0.0211, -0.0177],
        ...,
        [-0.0084, -0.1156, -0.0627,  ...,  0.0576,  0.0215, -0.0140],
        [-0.0676, -0.1699, -0.0524,  ...,  0.1274,  0.0712, -0.0476],
        [-0.1190, -0.1649, -0.0511,  ...,  0.1178,  0.0423, -0.1138]])","tensor([[ 0.0070, -0.0068, -0.0132,  ..., -0.0192,  0.0269,  0.0194],
        [ 0.0121, -0.0054, -0.0270,  ..., -0.0168,  0.0241,  0.0047],
        [ 0.0085, -0.0111, -0.0123,  ..., -0.0215,  0.0262,  0.0197],
        ...,
        [ 0.0107, -0.0094, -0.0139,  ..., -0.0345,  0.0349,  0.0083],
        [ 0.0151, -0.0059, -0.0259,  ..., -0.0216,  0.0247,  0.0166],
        [ 0.0123,  0.0025, -0.0026,  ..., -0.0350,  0.0370,  0.0043]])","tensor([[1., 0.],
        [0., 1.],
        [1., 0.],
        [0., 1.],
        [1., 0.],
        [0., 1.],
        [1., 0.],
        [0., 1.],
        [1., 0.],
        [0., 1.],
        [1., 0.],
        [0., 1.],
        [1., 0.],
        [0., 1.],
        [1., 0.],
        [0., 1.],
        [1., 0.],
        [0., 1.],
        [1., 0.],
        [0., 1.],
        [0., 1.],
        [1., 0.],
        [0., 1.],
        [0., 1.],
        [1., 0.],
        [0., 1.],
        [1., 0.],
        [0., 1.],
        [1., 0.],
        [0., 1.],
        [0., 1.],
        [1., 0.],
        [0., 1.],
        [1., 0.],
        [0., 1.],
        [1., 0.],
        [0., 1.],
        [1., 0.],
        [0., 1.],
        [1., 0.],
        [0., 1.],
        [1., 0.]])","tensor([1., 1., 1., 1., 1., 1., 1., 1., 1., 1., 1., 1., 1., 1., 1., 1., 1., 1.,
        1., 1., 1., 1., 1., 1., 1., 1., 1., 1., 1., 1., 1., 1., 1., 1., 1., 1.,
        1., 1., 1., 1., 1., 1.])","tensor([2, 2, 2, 2, 2, 2, 2, 2, 2, 2, 2, 2, 2, 2, 2, 2, 2, 2, 2, 2, 2, 5, 2, 2,
        5, 2, 5, 2, 5, 2, 2, 5, 2, 5, 2, 5, 2, 5, 2, 5, 2, 2])"
"tensor([[-0.7432,  0.0954, -0.5115,  ...,  0.1433, -0.9132,  0.4429],
        [-0.9077, -0.4236, -0.1655,  ...,  0.0254, -1.1156,  0.5905],
        [-0.5849,  0.0018, -0.1815,  ..., -0.0778, -0.2817,  0.8578],
        ...,
        [-0.7629, -0.1323, -0.1809,  ...,  0.3175, -0.9862,  0.5608],
        [-0.6837, -0.0596, -0.4706,  ...,  0.0502, -0.9051,  0.3679],
        [-0.9694,  0.1668,  0.0451,  ..., -0.3637, -0.7081,  0.3395]])","tensor([[ 0.0398, -0.0497,  0.0093,  ...,  0.0189,  0.0364, -0.0296],
        [ 0.0593, -0.0144,  0.1473,  ...,  0.0608,  0.1435, -0.0754],
        [ 0.0742, -0.0089,  0.2715,  ...,  0.1271,  0.2303, -0.1189],
        ...,
        [-0.0072, -0.1198,  0.0465,  ...,  0.0511,  0.0268, -0.0710],
        [ 0.0870, -0.0017,  0.1395,  ...,  0.1010,  0.1799, -0.0766],
        [ 0.0354, -0.0601,  0.1596,  ...,  0.0810,  0.1274, -0.0903]])","tensor([[ 0.0113, -0.0103, -0.0075,  ..., -0.0282,  0.0301,  0.0156],
        [ 0.0096, -0.0052, -0.0157,  ..., -0.0286,  0.0260,  0.0068],
        [ 0.0121, -0.0054, -0.0270,  ..., -0.0168,  0.0241,  0.0047],
        ...,
        [ 0.0026, -0.0256, -0.0254,  ..., -0.0309,  0.0280,  0.0163],
        [ 0.0121, -0.0054, -0.0270,  ..., -0.0168,  0.0241,  0.0047],
        [ 0.0042,  0.0005, -0.0190,  ..., -0.0371,  0.0312, -0.0008]])","tensor([[1., 0.],
        [1., 0.],
        [0., 1.],
        [1., 0.],
        [0., 1.],
        [1., 0.],
        [1., 0.],
        [1., 0.],
        [0., 1.],
        [1., 0.],
        [1., 0.],
        [1., 0.],
        [0., 1.],
        [1., 0.],
        [1., 0.],
        [0., 1.],
        [1., 0.],
        [1., 0.],
        [1., 0.],
        [0., 1.],
        [1., 0.],
        [0., 1.],
        [1., 0.],
        [1., 0.],
        [0., 1.],
        [1., 0.],
        [0., 1.],
        [1., 0.]])","tensor([1., 1., 1., 1., 1., 1., 1., 1., 1., 1., 1., 1., 1., 1., 1., 1., 1., 1.,
        1., 1., 1., 1., 1., 1., 1., 1., 1., 1.])","tensor([1, 1, 1, 1, 1, 1, 1, 1, 1, 1, 1, 1, 1, 1, 1, 1, 1, 1, 1, 1, 1, 1, 1, 1,
        1, 1, 1, 1])"
"tensor([[-0.6125,  0.0924, -0.0123,  ...,  0.1234,  0.2920,  0.1589],
        [-0.4586,  0.3202,  0.0346,  ...,  0.1007,  0.1399,  0.4683],
        [-0.7881,  0.0226, -0.1914,  ..., -0.2938,  0.2077, -0.7845],
        ...,
        [-0.7085,  0.4473,  0.0751,  ..., -0.0355,  0.2405, -0.0388],
        [-0.8630,  0.1164,  0.0544,  ..., -0.5305,  0.5694, -0.0548],
        [-0.2495,  0.0889, -0.5671,  ..., -0.1702, -0.3427,  0.1992]])","tensor([[ 4.2070e-02, -3.5574e-02, -1.1622e-01,  ...,  1.1411e-03,
          3.4736e-02, -1.8743e-02],
        [-1.0230e-01, -8.0145e-02, -1.0461e-01,  ...,  5.5291e-02,
          2.1317e-02, -5.5599e-02],
        [-8.0830e-02, -2.6764e-01, -9.3288e-02,  ...,  2.1114e-01,
          1.7377e-01, -1.3231e-01],
        ...,
        [ 3.4531e-02, -6.3622e-02, -8.0497e-02,  ...,  2.8950e-02,
         -3.5142e-02, -3.6064e-02],
        [ 2.6541e-02, -6.7957e-02, -8.0811e-02,  ...,  1.0751e-02,
          5.8553e-03, -9.5583e-03],
        [ 2.4808e-04, -1.0746e-01, -1.8210e-02,  ...,  5.0229e-02,
         -9.6288e-03,  1.5034e-02]])","tensor([[ 0.0117, -0.0022, -0.0072,  ..., -0.0343,  0.0375,  0.0010],
        [ 0.0048,  0.0117, -0.0329,  ..., -0.0596,  0.0297, -0.0037],
        [ 0.0003,  0.0049, -0.0144,  ..., -0.0420,  0.0419, -0.0032],
        ...,
        [ 0.0076,  0.0021, -0.0062,  ..., -0.0380,  0.0359, -0.0024],
        [ 0.0204, -0.0010, -0.0267,  ..., -0.0475,  0.0207, -0.0003],
        [ 0.0017,  0.0078, -0.0068,  ..., -0.0450,  0.0469,  0.0005]])","tensor([[1., 0.],
        [0., 1.],
        [1., 0.],
        [0., 1.],
        [1., 0.],
        [0., 1.],
        [1., 0.],
        [0., 1.],
        [1., 0.],
        [0., 1.],
        [1., 0.],
        [1., 0.],
        [0., 1.],
        [1., 0.],
        [0., 1.],
        [1., 0.],
        [0., 1.],
        [0., 1.],
        [0., 1.],
        [1., 0.],
        [0., 1.],
        [1., 0.],
        [0., 1.],
        [1., 0.],
        [0., 1.],
        [1., 0.],
        [1., 0.],
        [0., 1.],
        [0., 1.],
        [1., 0.],
        [0., 1.],
        [1., 0.],
        [0., 1.],
        [1., 0.],
        [0., 1.],
        [1., 0.],
        [1., 0.],
        [0., 1.],
        [0., 1.],
        [1., 0.],
        [0., 1.],
        [1., 0.],
        [0., 1.],
        [1., 0.],
        [0., 1.],
        [1., 0.],
        [0., 1.],
        [0., 1.],
        [1., 0.],
        [0., 1.],
        [1., 0.],
        [0., 1.],
        [1., 0.],
        [0., 1.],
        [1., 0.],
        [0., 1.],
        [1., 0.],
        [1., 0.],
        [0., 1.],
        [1., 0.],
        [0., 1.],
        [1., 0.],
        [1., 0.],
        [0., 1.],
        [0., 1.],
        [1., 0.],
        [0., 1.],
        [0., 1.],
        [0., 1.],
        [1., 0.],
        [0., 1.],
        [1., 0.],
        [0., 1.],
        [1., 0.],
        [0., 1.],
        [1., 0.],
        [1., 0.],
        [1., 0.],
        [0., 1.],
        [1., 0.],
        [1., 0.],
        [0., 1.],
        [1., 0.]])","tensor([1., 1., 1., 1., 1., 1., 1., 1., 1., 1., 1., 1., 1., 1., 1., 1., 1., 1.,
        1., 1., 1., 1., 1., 1., 1., 1., 1., 1., 1., 1., 1., 1., 1., 1., 1., 1.,
        1., 1., 1., 1., 1., 1., 1., 1., 1., 1., 1., 1., 1., 1., 1., 1., 1., 1.,
        1., 1., 1., 1., 1., 1., 1., 1., 1., 1., 1., 1., 1., 1., 1., 1., 1., 1.,
        1., 1., 1., 1., 1., 1., 1., 1., 1., 1., 1.])","tensor([4, 4, 4, 4, 4, 4, 4, 0, 4, 0, 4, 4, 0, 4, 0, 0, 4, 2, 4, 4, 4, 4, 0, 4,
        4, 4, 4, 2, 2, 4, 2, 4, 2, 4, 2, 4, 4, 4, 4, 4, 0, 4, 2, 4, 2, 4, 2, 2,
        4, 2, 4, 2, 4, 2, 4, 0, 4, 4, 2, 4, 2, 4, 4, 0, 0, 4, 4, 2, 0, 0, 2, 4,
        4, 4, 4, 4, 4, 4, 4, 4, 0, 0, 4])"
"tensor([[-0.2073, -0.1562, -0.5781,  ..., -0.4761, -0.3016, -0.1713],
        [-0.3167, -0.0224, -0.4307,  ..., -0.3659,  0.0885, -0.2263],
        [-0.3950,  0.0881, -0.2228,  ...,  0.0377,  0.2736,  0.0559],
        ...,
        [-0.2922,  0.0265, -0.1642,  ..., -0.4778,  0.0567,  0.1069],
        [-0.3904,  0.0732, -0.3723,  ..., -0.4275, -0.3972,  0.3081],
        [-0.1772, -0.0950, -0.4249,  ..., -0.0081,  0.0528,  0.2312]])","tensor([[ 0.0150, -0.1513, -0.0287,  ...,  0.0464, -0.0330, -0.0304],
        [ 0.0187, -0.0880, -0.0651,  ...,  0.0212, -0.0301, -0.0129],
        [ 0.0313, -0.1001, -0.0665,  ...,  0.0530, -0.0280, -0.0339],
        ...,
        [ 0.0716, -0.1192, -0.0483,  ...,  0.1266,  0.1282, -0.0134],
        [-0.0821, -0.1526, -0.0372,  ...,  0.0900,  0.0215, -0.0834],
        [-0.0610, -0.1325, -0.0957,  ...,  0.0908,  0.0168, -0.0810]])","tensor([[ 0.0142, -0.0094, -0.0152,  ..., -0.0244,  0.0278,  0.0124],
        [ 0.0219, -0.0020, -0.0172,  ..., -0.0457,  0.0254,  0.0034],
        [ 0.0139, -0.0063, -0.0178,  ..., -0.0208,  0.0241,  0.0106],
        ...,
        [ 0.0073,  0.0017, -0.0147,  ..., -0.0296,  0.0384,  0.0068],
        [ 0.0142,  0.0019, -0.0250,  ..., -0.0544,  0.0318, -0.0063],
        [ 0.0089, -0.0034, -0.0121,  ..., -0.0278,  0.0328,  0.0062]])","tensor([[1., 0.],
        [0., 1.],
        [1., 0.],
        [0., 1.],
        [1., 0.],
        [0., 1.],
        [1., 0.],
        [0., 1.],
        [1., 0.],
        [0., 1.],
        [1., 0.],
        [0., 1.],
        [1., 0.],
        [0., 1.],
        [1., 0.],
        [0., 1.],
        [1., 0.],
        [0., 1.],
        [0., 1.],
        [1., 0.],
        [1., 0.],
        [0., 1.],
        [1., 0.],
        [0., 1.],
        [1., 0.],
        [0., 1.],
        [1., 0.],
        [0., 1.],
        [1., 0.],
        [0., 1.],
        [1., 0.],
        [0., 1.],
        [1., 0.],
        [0., 1.],
        [1., 0.],
        [0., 1.],
        [1., 0.],
        [0., 1.],
        [1., 0.],
        [1., 0.],
        [1., 0.],
        [0., 1.],
        [1., 0.],
        [0., 1.],
        [1., 0.],
        [1., 0.],
        [0., 1.],
        [1., 0.],
        [0., 1.],
        [1., 0.],
        [0., 1.],
        [1., 0.],
        [0., 1.],
        [1., 0.]])","tensor([1., 1., 1., 1., 1., 1., 1., 1., 1., 1., 1., 1., 1., 1., 1., 1., 1., 1.,
        1., 1., 1., 1., 1., 1., 1., 1., 1., 1., 1., 1., 1., 1., 1., 1., 1., 1.,
        1., 1., 1., 1., 1., 1., 1., 1., 1., 1., 1., 1., 1., 1., 1., 1., 1., 1.])","tensor([2, 5, 2, 5, 2, 5, 2, 5, 2, 5, 2, 2, 2, 2, 2, 2, 2, 2, 2, 2, 2, 2, 2, 2,
        2, 2, 2, 2, 2, 2, 2, 2, 2, 2, 2, 2, 2, 2, 2, 2, 2, 0, 2, 5, 2, 2, 0, 2,
        0, 0, 0, 2, 0, 0])"
"tensor([[-0.7550,  0.3027, -0.4326,  ...,  0.0359,  0.1655,  0.0193],
        [-0.8308,  0.2432, -0.4223,  ...,  0.2744,  0.1941, -0.4640],
        [-0.6170,  0.1411, -0.2657,  ...,  0.5561, -0.5969,  0.7636],
        ...,
        [-0.3205, -0.0653, -0.0644,  ...,  0.2499, -0.0845,  0.2129],
        [-0.8231,  0.3496, -0.5745,  ...,  0.0517, -0.6654,  0.3179],
        [-1.0085,  0.2349, -0.2560,  ...,  0.1077, -0.2057,  0.3462]])","tensor([[ 0.0544, -0.0316,  0.0183,  ...,  0.0257,  0.0663, -0.0361],
        [ 0.0678,  0.0051,  0.0894,  ...,  0.0341,  0.1227, -0.0534],
        [ 0.0721,  0.0232,  0.0680,  ...,  0.0165,  0.1369, -0.0572],
        ...,
        [ 0.0647, -0.0148,  0.0752,  ...,  0.0490,  0.0929, -0.0433],
        [ 0.0481, -0.0501, -0.0037,  ...,  0.0343,  0.0402,  0.0052],
        [ 0.0285, -0.0627, -0.0862,  ...,  0.0095,  0.0114, -0.0109]])","tensor([[ 0.0121, -0.0054, -0.0270,  ..., -0.0168,  0.0241,  0.0047],
        [ 0.0121, -0.0054, -0.0270,  ..., -0.0168,  0.0241,  0.0047],
        [ 0.0121, -0.0054, -0.0270,  ..., -0.0168,  0.0241,  0.0047],
        ...,
        [ 0.0191, -0.0203, -0.0249,  ..., -0.0177,  0.0198,  0.0188],
        [ 0.0065,  0.0086,  0.0067,  ..., -0.0443,  0.0344,  0.0013],
        [ 0.0138, -0.0306, -0.0255,  ..., -0.0114,  0.0201,  0.0252]])","tensor([[0., 1.],
        [0., 1.],
        [0., 1.],
        [1., 0.],
        [0., 1.],
        [1., 0.],
        [0., 1.],
        [1., 0.],
        [1., 0.],
        [1., 0.],
        [0., 1.],
        [1., 0.],
        [0., 1.],
        [0., 1.],
        [1., 0.],
        [1., 0.],
        [1., 0.],
        [1., 0.],
        [0., 1.],
        [1., 0.],
        [1., 0.],
        [0., 1.],
        [1., 0.],
        [1., 0.],
        [0., 1.],
        [1., 0.],
        [0., 1.],
        [1., 0.],
        [0., 1.],
        [1., 0.],
        [0., 1.],
        [0., 1.],
        [0., 1.],
        [1., 0.],
        [0., 1.],
        [1., 0.],
        [0., 1.],
        [1., 0.],
        [0., 1.],
        [1., 0.],
        [1., 0.],
        [1., 0.],
        [0., 1.],
        [1., 0.],
        [1., 0.],
        [1., 0.],
        [0., 1.],
        [1., 0.],
        [0., 1.],
        [0., 1.],
        [1., 0.],
        [0., 1.]])","tensor([1., 1., 1., 1., 1., 1., 1., 1., 1., 1., 1., 1., 1., 1., 1., 1., 1., 1.,
        1., 1., 1., 1., 1., 1., 1., 1., 1., 1., 1., 1., 1., 1., 1., 1., 1., 1.,
        1., 1., 1., 1., 1., 1., 1., 1., 1., 1., 1., 1., 1., 1., 1., 1.])","tensor([1, 1, 1, 1, 1, 5, 5, 5, 3, 5, 5, 3, 5, 3, 5, 2, 2, 5, 3, 5, 3, 5, 3, 3,
        3, 3, 3, 5, 2, 3, 2, 2, 2, 3, 5, 5, 5, 5, 5, 3, 3, 3, 3, 3, 3, 3, 3, 5,
        3, 5, 5, 5])"
"tensor([[-0.7464,  0.3290, -0.5226,  ..., -0.0695,  0.2921, -0.0855],
        [-1.1421,  0.0899, -0.2738,  ...,  0.2602, -0.7510,  0.0927],
        [-0.8910,  0.2171, -0.4664,  ...,  0.3288, -0.3043, -0.0338],
        ...,
        [-0.6208,  0.0243, -0.4499,  ..., -0.0865, -0.4726,  0.3924],
        [-0.3205, -0.0653, -0.0644,  ...,  0.2499, -0.0845,  0.2129],
        [-0.8231,  0.3496, -0.5745,  ...,  0.0517, -0.6654,  0.3179]])","tensor([[ 0.0522, -0.0019,  0.1209,  ...,  0.0347,  0.1201, -0.0598],
        [ 0.0224, -0.0896, -0.0607,  ...,  0.0275, -0.0428, -0.0125],
        [ 0.0233, -0.0749, -0.0743,  ...,  0.0120, -0.0035, -0.0078],
        ...,
        [ 0.0456, -0.2128, -0.0218,  ...,  0.1151,  0.0648, -0.0650],
        [ 0.0678, -0.0125,  0.0529,  ...,  0.0404,  0.0992, -0.0441],
        [ 0.0300, -0.1324, -0.0383,  ...,  0.0420, -0.0225, -0.0220]])","tensor([[ 0.0190, -0.0259, -0.0104,  ..., -0.0253,  0.0289,  0.0254],
        [ 0.0152,  0.0007, -0.0113,  ..., -0.0345,  0.0333,  0.0092],
        [ 0.0127, -0.0023, -0.0076,  ..., -0.0375,  0.0288,  0.0106],
        ...,
        [ 0.0144, -0.0051, -0.0149,  ..., -0.0254,  0.0310,  0.0094],
        [ 0.0199, -0.0147, -0.0217,  ..., -0.0171,  0.0193,  0.0158],
        [ 0.0085,  0.0030, -0.0098,  ..., -0.0363,  0.0285,  0.0111]])","tensor([[0., 1.],
        [1., 0.],
        [1., 0.],
        [1., 0.],
        [1., 0.],
        [1., 0.],
        [1., 0.],
        [1., 0.],
        [1., 0.],
        [0., 1.],
        [1., 0.],
        [1., 0.],
        [0., 1.],
        [1., 0.],
        [1., 0.],
        [0., 1.],
        [1., 0.],
        [1., 0.],
        [1., 0.],
        [0., 1.],
        [0., 1.],
        [1., 0.],
        [0., 1.],
        [1., 0.],
        [1., 0.],
        [0., 1.],
        [1., 0.],
        [1., 0.],
        [0., 1.],
        [0., 1.],
        [1., 0.],
        [1., 0.],
        [1., 0.],
        [1., 0.],
        [0., 1.],
        [1., 0.],
        [0., 1.],
        [1., 0.],
        [0., 1.],
        [0., 1.],
        [1., 0.],
        [1., 0.],
        [0., 1.],
        [1., 0.]])","tensor([1., 1., 1., 1., 1., 1., 1., 1., 1., 1., 1., 1., 1., 1., 1., 1., 1., 1.,
        1., 1., 1., 1., 1., 1., 1., 1., 1., 1., 1., 1., 1., 1., 1., 1., 1., 1.,
        1., 1., 1., 1., 1., 1., 1., 1.])","tensor([1, 1, 1, 1, 1, 1, 5, 5, 5, 5, 5, 5, 5, 5, 3, 5, 3, 5, 3, 2, 2, 5, 2, 5,
        5, 2, 5, 5, 5, 1, 5, 3, 3, 3, 3, 3, 3, 3, 3, 5, 5, 3, 5, 3])"
"tensor([[-0.1858, -0.3028, -0.5459,  ..., -0.1408,  0.0028,  0.3421],
        [-0.6567,  0.1595, -0.7049,  ...,  0.5138, -0.5741,  0.1516],
        [-0.6750,  0.4235, -0.5483,  ..., -0.0747,  0.1911, -0.4510],
        ...,
        [-0.5183, -0.0576,  0.0781,  ..., -0.3711,  0.2897, -0.4442],
        [-0.5695,  0.2017, -0.2315,  ...,  0.1023, -0.8122, -0.0032],
        [-0.7521, -0.0302,  0.1786,  ...,  0.0052,  0.1110,  0.0696]])","tensor([[ 0.0298, -0.0599, -0.0893,  ...,  0.0086,  0.0139, -0.0117],
        [ 0.0190, -0.0844, -0.0646,  ...,  0.0148, -0.0193, -0.0082],
        [-0.0261, -0.1280, -0.0796,  ...,  0.0765,  0.0242, -0.0303],
        ...,
        [ 0.0588, -0.3644,  0.0020,  ...,  0.1911,  0.1108, -0.1733],
        [ 0.0090, -0.1664, -0.0583,  ...,  0.1001,  0.1054, -0.0397],
        [ 0.0489, -0.5043, -0.0026,  ...,  0.3274,  0.1821, -0.2233]])","tensor([[ 0.0147, -0.0073, -0.0066,  ..., -0.0338,  0.0277,  0.0067],
        [ 0.0173, -0.0150, -0.0111,  ..., -0.0342,  0.0251,  0.0203],
        [ 0.0112, -0.0108, -0.0217,  ..., -0.0228,  0.0249,  0.0160],
        ...,
        [ 0.0087, -0.0106, -0.0151,  ..., -0.0119,  0.0330,  0.0202],
        [ 0.0141, -0.0114, -0.0237,  ..., -0.0159,  0.0184,  0.0158],
        [ 0.0073, -0.0076,  0.0019,  ..., -0.0315,  0.0283,  0.0156]])","tensor([[1., 0.],
        [1., 0.],
        [0., 1.],
        [1., 0.],
        [1., 0.],
        [0., 1.],
        [1., 0.],
        [0., 1.],
        [1., 0.],
        [1., 0.],
        [1., 0.],
        [1., 0.],
        [0., 1.],
        [1., 0.],
        [0., 1.],
        [1., 0.],
        [1., 0.],
        [0., 1.],
        [1., 0.],
        [0., 1.],
        [1., 0.],
        [0., 1.],
        [1., 0.]])","tensor([1., 1., 1., 1., 1., 1., 1., 1., 1., 1., 1., 1., 1., 1., 1., 1., 1., 1.,
        1., 1., 1., 1., 1.])","tensor([2, 2, 2, 5, 2, 2, 5, 3, 5, 5, 5, 5, 5, 5, 5, 5, 5, 5, 5, 3, 3, 3, 3])"
"tensor([[-0.9727, -0.0800, -0.3844,  ...,  0.2451, -0.3851, -0.2404],
        [-0.8239,  0.0934, -0.2419,  ..., -0.0073, -0.3531,  0.0648],
        [-0.8804,  0.1098, -0.3898,  ...,  0.1956,  0.2079,  0.4208],
        ...,
        [-0.5798,  0.1318,  0.0109,  ...,  0.3794,  0.2438,  0.3363],
        [-0.5649,  0.1178, -0.0238,  ...,  0.0735,  0.2802,  0.3332],
        [-0.7406, -0.0665, -0.2474,  ..., -0.1225,  0.2897, -0.5093]])","tensor([[ 0.0873,  0.0067,  0.0952,  ...,  0.0727,  0.1437, -0.0535],
        [ 0.0903,  0.0399,  0.2249,  ...,  0.0825,  0.2131, -0.0876],
        [ 0.0327, -0.0537, -0.0960,  ...,  0.0068,  0.0193, -0.0131],
        ...,
        [ 0.0240, -0.0735, -0.0759,  ...,  0.0119, -0.0013, -0.0084],
        [-0.0850, -0.0696, -0.0472,  ...,  0.0555, -0.0028, -0.0179],
        [ 0.0585, -0.1827, -0.0178,  ...,  0.0992,  0.0747, -0.0510]])","tensor([[ 0.0121, -0.0054, -0.0270,  ..., -0.0168,  0.0241,  0.0047],
        [ 0.0121, -0.0054, -0.0270,  ..., -0.0168,  0.0241,  0.0047],
        [ 0.0058,  0.0033, -0.0179,  ..., -0.0304,  0.0299,  0.0017],
        ...,
        [ 0.0102, -0.0070, -0.0186,  ..., -0.0216,  0.0327,  0.0148],
        [ 0.0145, -0.0056, -0.0265,  ..., -0.0373,  0.0205,  0.0038],
        [ 0.0130, -0.0020, -0.0104,  ..., -0.0338,  0.0330,  0.0028]])","tensor([[0., 1.],
        [0., 1.],
        [1., 0.],
        [0., 1.],
        [1., 0.],
        [0., 1.],
        [0., 1.],
        [1., 0.],
        [0., 1.],
        [0., 1.],
        [1., 0.],
        [0., 1.],
        [0., 1.],
        [1., 0.],
        [1., 0.],
        [0., 1.],
        [0., 1.],
        [1., 0.],
        [1., 0.],
        [0., 1.],
        [1., 0.],
        [0., 1.],
        [1., 0.],
        [0., 1.],
        [1., 0.],
        [0., 1.],
        [1., 0.],
        [0., 1.],
        [1., 0.],
        [1., 0.],
        [1., 0.],
        [1., 0.],
        [1., 0.],
        [1., 0.],
        [1., 0.],
        [1., 0.],
        [1., 0.],
        [0., 1.],
        [1., 0.],
        [0., 1.],
        [1., 0.],
        [0., 1.],
        [1., 0.]])","tensor([1., 1., 1., 1., 1., 1., 1., 1., 1., 1., 1., 1., 1., 1., 1., 1., 1., 1.,
        1., 1., 1., 1., 1., 1., 1., 1., 1., 1., 1., 1., 1., 1., 1., 1., 1., 1.,
        1., 1., 1., 1., 1., 1., 1.])","tensor([2, 0, 4, 2, 2, 2, 2, 4, 0, 1, 0, 0, 4, 4, 4, 4, 1, 1, 1, 1, 1, 1, 2, 1,
        1, 2, 1, 1, 1, 1, 1, 1, 1, 1, 5, 5, 1, 1, 1, 1, 4, 0, 0])"
"tensor([[-0.6186,  0.2748, -0.3891,  ..., -0.4002,  0.6048, -0.5005],
        [-0.4396, -0.0418, -0.6505,  ...,  0.1194, -0.6522,  0.5322],
        [-0.6023,  0.0448, -0.2849,  ..., -0.4534,  0.7540, -0.2573],
        ...,
        [-0.9786,  0.4089, -0.1470,  ..., -0.2919,  0.4546, -0.0021],
        [-0.8531, -0.0188,  0.1753,  ..., -0.1093,  0.2672, -0.4481],
        [-0.4126,  0.3138, -0.4109,  ...,  0.0053,  0.1223,  0.5163]])","tensor([[-0.0083, -0.1507, -0.0440,  ...,  0.0669, -0.0474, -0.0488],
        [ 0.0716,  0.0182, -0.0264,  ..., -0.0197,  0.0944, -0.0402],
        [ 0.0738, -0.0312,  0.0344,  ...,  0.0645,  0.0065, -0.0307],
        ...,
        [ 0.0571, -0.3409,  0.0148,  ...,  0.1825,  0.0672, -0.1332],
        [ 0.0189, -0.3063, -0.0604,  ...,  0.1763,  0.0888, -0.1465],
        [ 0.0215, -0.0910, -0.0670,  ...,  0.0263, -0.0399, -0.0137]])","tensor([[ 0.0163, -0.0013, -0.0166,  ..., -0.0388,  0.0260,  0.0045],
        [ 0.0110, -0.0071, -0.0278,  ..., -0.0207,  0.0235,  0.0077],
        [ 0.0115, -0.0065, -0.0084,  ..., -0.0306,  0.0315,  0.0155],
        ...,
        [ 0.0187, -0.0077, -0.0177,  ..., -0.0458,  0.0265,  0.0064],
        [ 0.0246, -0.0097, -0.0092,  ..., -0.0336,  0.0151,  0.0184],
        [ 0.0094, -0.0001, -0.0103,  ..., -0.0390,  0.0369,  0.0070]])","tensor([[1., 0.],
        [0., 1.],
        [1., 0.],
        [1., 0.],
        [0., 1.],
        [1., 0.],
        [1., 0.],
        [1., 0.],
        [1., 0.],
        [1., 0.],
        [1., 0.],
        [1., 0.],
        [1., 0.],
        [1., 0.],
        [1., 0.],
        [0., 1.],
        [1., 0.],
        [1., 0.],
        [1., 0.],
        [0., 1.],
        [1., 0.],
        [0., 1.],
        [1., 0.],
        [0., 1.],
        [1., 0.],
        [1., 0.],
        [0., 1.],
        [0., 1.],
        [1., 0.],
        [1., 0.],
        [1., 0.],
        [1., 0.],
        [1., 0.],
        [1., 0.]])","tensor([1., 1., 1., 1., 1., 1., 1., 1., 1., 1., 1., 1., 1., 1., 1., 1., 1., 1.,
        1., 1., 1., 1., 1., 1., 1., 1., 1., 1., 1., 1., 1., 1., 1., 1.])","tensor([4, 1, 4, 4, 2, 4, 4, 4, 4, 4, 4, 4, 5, 4, 4, 5, 4, 4, 4, 5, 5, 5, 4, 1,
        5, 5, 5, 5, 4, 4, 4, 4, 4, 4])"
"tensor([[-0.4485,  0.3985, -0.4002,  ..., -0.1287,  0.2071,  0.5102],
        [-0.4095,  0.2355, -0.4736,  ...,  0.1347,  0.2545,  0.2221],
        [-0.3230,  0.0018, -0.8607,  ..., -0.2489, -0.9943,  0.6588],
        ...,
        [-0.7352,  0.1379, -0.3730,  ..., -0.1132, -0.0259, -0.2699],
        [-0.6062,  0.4670, -0.4042,  ...,  0.2904, -0.0222,  0.2484],
        [-0.6062,  0.4670, -0.4042,  ...,  0.2904, -0.0222,  0.2484]])","tensor([[ 1.8687e-02, -8.8004e-02, -6.5065e-02,  ...,  2.1239e-02,
         -3.0132e-02, -1.2911e-02],
        [ 4.9526e-02, -2.1163e-02,  3.2815e-04,  ...,  6.4004e-04,
          7.0369e-02, -3.8586e-02],
        [ 8.4328e-03, -1.7095e-01, -3.3062e-02,  ...,  6.6656e-02,
         -5.0247e-02, -5.0565e-02],
        ...,
        [ 3.8426e-02, -8.4513e-02,  3.3250e-01,  ...,  1.9271e-01,
          1.4521e-01, -1.2257e-01],
        [ 6.1057e-02, -4.7157e-03,  1.4691e-01,  ...,  6.3580e-02,
          1.2041e-01, -5.9391e-02],
        [ 4.9113e-02, -3.2431e-03,  2.9915e-01,  ...,  1.0713e-01,
          1.9124e-01, -1.0460e-01]])","tensor([[ 0.0099, -0.0062, -0.0120,  ..., -0.0248,  0.0324,  0.0146],
        [ 0.0121, -0.0054, -0.0270,  ..., -0.0168,  0.0241,  0.0047],
        [ 0.0056, -0.0034, -0.0201,  ..., -0.0277,  0.0317,  0.0015],
        ...,
        [ 0.0223, -0.0099, -0.0296,  ..., -0.0356,  0.0190,  0.0011],
        [ 0.0217,  0.0020, -0.0264,  ..., -0.0421,  0.0219, -0.0012],
        [ 0.0044, -0.0236, -0.0402,  ..., -0.0406,  0.0308,  0.0093]])","tensor([[1., 0.],
        [0., 1.],
        [1., 0.],
        [0., 1.],
        [1., 0.],
        [0., 1.],
        [1., 0.],
        [0., 1.],
        [1., 0.],
        [0., 1.],
        [1., 0.],
        [0., 1.],
        [1., 0.],
        [0., 1.],
        [0., 1.],
        [1., 0.],
        [0., 1.],
        [1., 0.],
        [0., 1.],
        [1., 0.],
        [1., 0.],
        [0., 1.],
        [0., 1.],
        [0., 1.],
        [1., 0.],
        [0., 1.],
        [0., 1.],
        [0., 1.],
        [0., 1.],
        [1., 0.],
        [1., 0.],
        [1., 0.],
        [0., 1.],
        [1., 0.],
        [0., 1.],
        [1., 0.],
        [1., 0.],
        [1., 0.],
        [1., 0.],
        [0., 1.],
        [1., 0.],
        [0., 1.],
        [1., 0.],
        [0., 1.],
        [0., 1.],
        [1., 0.],
        [0., 1.],
        [1., 0.],
        [0., 1.],
        [0., 1.],
        [1., 0.],
        [1., 0.],
        [0., 1.],
        [1., 0.],
        [1., 0.],
        [0., 1.],
        [0., 1.],
        [1., 0.]])","tensor([1., 1., 1., 1., 1., 1., 1., 1., 1., 1., 1., 1., 1., 1., 1., 1., 1., 1.,
        1., 1., 1., 1., 1., 1., 1., 1., 1., 1., 1., 1., 1., 1., 1., 1., 1., 1.,
        1., 1., 1., 1., 1., 1., 1., 1., 1., 1., 1., 1., 1., 1., 1., 1., 1., 1.,
        1., 1., 1., 1.])","tensor([4, 2, 4, 2, 5, 5, 2, 3, 5, 5, 5, 5, 5, 3, 3, 5, 5, 5, 1, 5, 5, 1, 1, 1,
        2, 1, 1, 1, 1, 5, 5, 5, 1, 5, 1, 3, 3, 3, 5, 1, 1, 1, 1, 1, 1, 1, 1, 1,
        1, 1, 0, 0, 0, 0, 0, 0, 0, 0])"
"tensor([[-0.9093,  0.3467, -0.2340,  ...,  0.7095, -0.3196,  0.6038],
        [-0.7721, -0.0095, -0.4433,  ..., -0.0884, -0.0970, -0.4435],
        [-0.1508,  0.1153, -0.2579,  ...,  0.1494, -0.1044,  0.3698],
        ...,
        [-0.8967,  0.1234, -0.0108,  ...,  0.0145,  0.3933, -0.0044],
        [-0.7903,  0.2611, -0.3792,  ...,  0.5678, -0.0678,  0.2473],
        [-0.3976, -0.0714, -0.8516,  ...,  0.2806, -0.2337, -0.4001]])","tensor([[ 0.0130, -0.0916, -0.0724,  ...,  0.0270, -0.0281, -0.0126],
        [ 0.0002, -0.0781, -0.0781,  ...,  0.0158, -0.0185, -0.0107],
        [ 0.0567, -0.0257, -0.0440,  ...,  0.0099,  0.0703, -0.0441],
        ...,
        [-0.0873, -0.1760, -0.0639,  ...,  0.1315,  0.0670, -0.0684],
        [ 0.0215, -0.1234, -0.0515,  ...,  0.0707,  0.0426, -0.0007],
        [ 0.0361, -0.0853, -0.0350,  ...,  0.0521,  0.0132, -0.0255]])","tensor([[ 0.0123, -0.0057, -0.0174,  ..., -0.0198,  0.0301,  0.0142],
        [ 0.0154, -0.0100, -0.0265,  ..., -0.0167,  0.0113,  0.0187],
        [ 0.0121, -0.0054, -0.0270,  ..., -0.0168,  0.0241,  0.0047],
        ...,
        [ 0.0039, -0.0004, -0.0069,  ..., -0.0423,  0.0427, -0.0025],
        [ 0.0143, -0.0057, -0.0160,  ..., -0.0299,  0.0291,  0.0074],
        [ 0.0224, -0.0122, -0.0221,  ..., -0.0255,  0.0158,  0.0119]])","tensor([[1., 0.],
        [0., 1.],
        [0., 1.],
        [1., 0.],
        [0., 1.],
        [1., 0.],
        [0., 1.],
        [0., 1.],
        [1., 0.],
        [1., 0.],
        [1., 0.],
        [1., 0.],
        [1., 0.],
        [1., 0.],
        [1., 0.],
        [0., 1.],
        [1., 0.],
        [0., 1.],
        [1., 0.],
        [1., 0.],
        [0., 1.],
        [1., 0.],
        [0., 1.],
        [1., 0.],
        [0., 1.],
        [1., 0.],
        [1., 0.],
        [1., 0.],
        [1., 0.],
        [0., 1.],
        [1., 0.],
        [1., 0.],
        [1., 0.],
        [1., 0.],
        [0., 1.],
        [1., 0.],
        [1., 0.],
        [0., 1.],
        [1., 0.],
        [1., 0.],
        [1., 0.],
        [1., 0.],
        [0., 1.]])","tensor([1., 1., 1., 1., 1., 1., 1., 1., 1., 1., 1., 1., 1., 1., 1., 1., 1., 1.,
        1., 1., 1., 1., 1., 1., 1., 1., 1., 1., 1., 1., 1., 1., 1., 1., 1., 1.,
        1., 1., 1., 1., 1., 1., 1.])","tensor([4, 4, 4, 2, 4, 4, 4, 4, 4, 4, 4, 4, 4, 4, 4, 2, 4, 2, 4, 4, 2, 4, 2, 4,
        2, 4, 4, 4, 4, 2, 4, 4, 4, 4, 4, 4, 4, 4, 4, 4, 4, 4, 2])"
"tensor([[-0.6906, -0.5082, -0.5853,  ..., -0.2173, -0.0126,  0.0828],
        [-0.5499, -0.2412, -0.6483,  ..., -0.4081, -0.2470, -0.2611],
        [-0.6534, -0.0410, -0.8046,  ..., -0.1809,  0.4313, -0.2908],
        ...,
        [-0.8838, -0.2015, -0.1809,  ..., -0.5168,  0.4955, -0.3347],
        [-0.7123,  0.0058, -0.5148,  ...,  0.0075, -0.0567,  0.6193],
        [-0.4596, -0.0289, -0.1308,  ...,  0.2177, -0.0070,  0.3719]])","tensor([[-0.0190, -0.1086, -0.0917,  ...,  0.0544, -0.0112, -0.0419],
        [-0.0321, -0.1022, -0.0774,  ...,  0.0468, -0.0365, -0.0544],
        [ 0.0237, -0.0741, -0.0753,  ...,  0.0119, -0.0022, -0.0082],
        ...,
        [-0.0736, -0.5430, -0.1723,  ...,  0.4414,  0.3073, -0.2571],
        [-0.1681, -0.3495, -0.1570,  ...,  0.3121,  0.2044, -0.2214],
        [-0.1641, -0.5805, -0.1583,  ...,  0.4898,  0.2165, -0.3475]])","tensor([[ 0.0178, -0.0167, -0.0237,  ..., -0.0266,  0.0210,  0.0150],
        [ 0.0182, -0.0134, -0.0262,  ..., -0.0230,  0.0155,  0.0105],
        [ 0.0123, -0.0042, -0.0253,  ..., -0.0233,  0.0219,  0.0093],
        ...,
        [ 0.0187, -0.0174, -0.0071,  ..., -0.0225,  0.0270,  0.0166],
        [ 0.0121, -0.0054, -0.0270,  ..., -0.0168,  0.0241,  0.0047],
        [ 0.0121, -0.0054, -0.0270,  ..., -0.0168,  0.0241,  0.0047]])","tensor([[0., 1.],
        [0., 1.],
        [0., 1.],
        [1., 0.],
        [0., 1.],
        [1., 0.],
        [0., 1.],
        [0., 1.],
        [1., 0.],
        [0., 1.],
        [1., 0.],
        [1., 0.],
        [0., 1.],
        [1., 0.],
        [0., 1.],
        [0., 1.],
        [1., 0.],
        [1., 0.],
        [0., 1.],
        [1., 0.],
        [0., 1.],
        [0., 1.],
        [1., 0.],
        [1., 0.],
        [0., 1.],
        [1., 0.],
        [1., 0.],
        [0., 1.],
        [1., 0.],
        [1., 0.],
        [0., 1.],
        [1., 0.],
        [0., 1.],
        [1., 0.],
        [1., 0.],
        [0., 1.],
        [1., 0.],
        [0., 1.],
        [1., 0.],
        [1., 0.],
        [1., 0.],
        [1., 0.],
        [1., 0.],
        [1., 0.],
        [0., 1.],
        [1., 0.],
        [0., 1.],
        [1., 0.],
        [0., 1.],
        [1., 0.],
        [0., 1.],
        [1., 0.],
        [0., 1.],
        [1., 0.],
        [0., 1.],
        [1., 0.],
        [0., 1.],
        [1., 0.],
        [0., 1.],
        [1., 0.],
        [0., 1.],
        [1., 0.],
        [0., 1.],
        [0., 1.]])","tensor([1., 1., 1., 1., 1., 1., 1., 1., 1., 1., 1., 1., 1., 1., 1., 1., 1., 1.,
        1., 1., 1., 1., 1., 1., 1., 1., 1., 1., 1., 1., 1., 1., 1., 1., 1., 1.,
        1., 1., 1., 1., 1., 1., 1., 1., 1., 1., 1., 1., 1., 1., 1., 1., 1., 1.,
        1., 1., 1., 1., 1., 1., 1., 1., 1., 1.])","tensor([2, 2, 5, 5, 2, 5, 2, 2, 3, 5, 3, 2, 2, 2, 2, 5, 3, 5, 2, 5, 3, 3, 3, 5,
        5, 3, 2, 2, 3, 3, 5, 3, 2, 3, 3, 3, 3, 5, 3, 3, 3, 3, 3, 3, 3, 3, 3, 3,
        3, 3, 3, 3, 3, 3, 3, 3, 3, 3, 3, 3, 3, 3, 3, 3])"
